热门查询,点击次数,展示,点击率,排名
master keying system chart,0,153,0%,7.86
fb005,0,17,0%,7.35
bh28,0,15,0%,5.2
564mb,0,12,0%,3.17
fb001.c,0,11,0%,5.09
d102,0,7,0%,6.86
latch hardware catalog,0,7,0%,29.57
ds013,0,6,0%,8.67
ju093,0,6,0%,30.5
anti panic door,0,6,0%,50.17
bh 33,0,5,0%,23.2
brass hinges manufacturing plant cost,0,5,0%,26.6
patch fitting,0,4,0%,1
canton hardware,0,4,0%,3
fb012,0,4,0%,7.75
hyland hardware,0,4,0%,9.25
bh13,0,4,0%,10.25
china scalloped edge steel hinge,0,4,0%,14.25
smith and locke ironmongery catalogue,0,4,0%,23.5
fb001,0,4,0%,25.5
fire door with panic hardware,0,4,0%,46.75
54dk,0,3,0%,5.67
export manager zhongshan contact,0,3,0%,7
"""alibaba"" ""trade assurance"" -site:reddit.com -site:twitter.com -site:x.com 
-site:wykop.pl -site:tripadvisor.com -site:youtube.com -site:yelp.com 
-site:booking.com -site:facebook.com -site:instagram.com -site:tiktok.com",0,3,0%,7.67
lh855,0,3,0%,8.33
pbet power,0,3,0%,9
ju072,0,3,0%,24.67
lockland,0,3,0%,39
fire exit door with panic bar double,0,3,0%,39.33
hp officejet pro 9012e,0,3,0%,61
chasis de zamak,0,3,0%,88.67
bh20,0,2,0%,2
bh36,0,2,0%,4.5
7lock canton,0,2,0%,6.5
ds022,0,2,0%,6.5
ssh020,0,2,0%,7.5
ai70780,0,2,0%,8
bh-10,0,2,0%,9
keying schedule,0,2,0%,14
hy007,0,2,0%,17
bl031,0,2,0%,26
terms used in master key systems,0,2,0%,29
ddh-001,0,2,0%,29.5
door closer manufacturer,0,2,0%,29.5
lane locks catalogue,0,2,0%,31.5
bh 23,0,2,0%,32
china door closer,0,2,0%,47
cleanroom anti-panic doors,0,2,0%,99.5
hook locks,0,1,0%,1
hyland,0,1,0%,1
bh14,0,1,0%,5
latch product news,0,1,0%,5
70780,0,1,0%,6
dv07,0,1,0%,6
hardware canton,0,1,0%,6
which foreign countries,0,1,0%,6
صنع اي بلد,0,1,0%,7
exit 305,0,1,0%,8
silang 310 threshold,0,1,0%,8
去背,0,1,0%,8
bh-13,0,1,0%,9
canton 609,0,1,0%,9
dv08,0,1,0%,9
finh-035,0,1,0%,9
lc07,0,1,0%,9
lc14,0,1,0%,9
nc181,0,1,0%,9
door selector for double doors,0,1,0%,10
glass door patch fitting set,0,1,0%,10
grand master key chart,0,1,0%,10
great grand master key,0,1,0%,10
l-021,0,1,0%,10
lh853,0,1,0%,10
lh854,0,1,0%,10
grand master key vs master key,0,1,0%,11
night latch rim lock,0,1,0%,12
ssbk model,0,1,0%,12
two point panic bar,0,1,0%,12
egress door hardware,0,1,0%,13
knob,0,1,0%,14
fb001.cc,0,1,0%,15
master key plan,0,1,0%,15
where to find this in malaysia,0,1,0%,15
hylands hardware,0,1,0%,17
bh52,0,1,0%,18
rim night latch lock,0,1,0%,18
hyland hardware ballyhaise,0,1,0%,19
bh33,0,1,0%,20
bh38,0,1,0%,20
grand master keying system,0,1,0%,21
brass door hinge manufacturer,0,1,0%,24
鋁窗配件名稱,0,1,0%,24
single door panic bar with latch,0,1,0%,26
fb001.com,0,1,0%,27
blue sea 9003e,0,1,0%,28
clh lock,0,1,0%,30
emergency exit door push bar with alarm,0,1,0%,31
canton le900,0,1,0%,36
highland hardware,0,1,0%,39
lane door hardware catalogue,0,1,0%,40
bosch d101,0,1,0%,41
bh 50,0,1,0%,43
ikonic rim night latch,0,1,0%,43
ss hinges price list,0,1,0%,45
blind panic devices,0,1,0%,46
locks and hinges,0,1,0%,47
xiang loong hardware trading,0,1,0%,47
brass piano hinge,0,1,0%,53
sa32806 panic hardware,0,1,0%,53
us cylindrical locks market,0,1,0%,53
glass door with patch fittings,0,1,0%,55
rim nightlatch,0,1,0%,56
ul 305 panic hardware,0,1,0%,57
canton hardware store,0,1,0%,64
钢琴铰链供应商,0,1,0%,65
fire door panic hardware,0,1,0%,66
zamak inyectado,0,1,0%,85
oval lock,0,1,0%,86
latches doors and frames,0,1,0%,87
s141a,0,1,0%,87