排名靠前的网页,展示
https://www.cantonlock.com/,51
https://cantonlock.com/,34
https://cantonlock.com/news/master-key-systems-how-many-levels-you-need/,21
https://www.cantonlock.com/index.php?m=home&c=Lists&a=index&tid=89,13
https://cantonlock.com/products/bathroom-accessories/bh28-bathroom-accessories/,9
https://www.cantonlock.com/index.php?m=home&c=Lists&a=index&tid=91,9
https://cantonlock.com/news/mortise-lock-backset-and-centre-distance-guide/,8
https://cantonlock.com/company/,7
https://www.cantonlock.com/Index.php?m=home&c=View&a=index&aid=1605,7
https://cantonlock.com/products/,6
https://cantonlock.com/es/products/panic-exit-devices/,5
https://cantonlock.com/products/brass-steel-hinges/,5
https://www.cantonlock.com/index.php?m=home&c=View&a=index&aid=1601,5
https://cantonlock.com/contact/,4
https://cantonlock.com/es/,4
https://cantonlock.com/products/door-closers/ju-088-door-closer/,4
https://cantonlock.com/products/night-latches-rim-locks/564-night-latch-and-rim-lock/,4
https://cantonlock.com/products/panic-exit-devices/,4
https://www.cantonlock.com/Index.php?m=home&c=Lists&a=index&tid=23&lang=cn,4
https://cantonlock.com/es/news/mortise-lock-backset-and-centre-distance-guide/,3
https://cantonlock.com/products/brass-steel-hinges/ssh017-brass-and-steel-hinges/,3
https://cantonlock.com/products/lock-cases/,3
https://cantonlock.com/products/sliding-hook-locks/,3
https://www.cantonlock.com/Index.php?m=home&c=View&a=index&aid=1602,3
https://cantonlock.com/compare/night-latches-rim-locks/,2
https://cantonlock.com/es/company/,2
https://cantonlock.com/es/products/,2
https://cantonlock.com/products/door-closers/,2
https://cantonlock.com/products/hardware-accessories/fb001-ac-door-flush-bolt/,2
https://cantonlock.com/products/knob-locks/578-acet-light-duty-cylindrical-lock/,2
https://cantonlock.com/products/knob-locks/5807-e-heavy-duty-cylindrical-lock/,2
https://cantonlock.com/products/lever-handles/,2
https://cantonlock.com/products/lever-handles/eh03-lever-handle/,2
https://cantonlock.com/products/lever-handles/lh855-snbk-lever-handle/,2
https://cantonlock.com/products/panic-exit-devices/037-panic-exit-device/,2
https://cantonlock.com/products/panic-exit-devices/300-panic-exit-device/,2
https://www.cantonlock.com/Index.php?m=home&c=Lists&a=index&tid=30&lang=cn,2
https://www.cantonlock.com/Index.php?m=home&c=View&a=index&aid=453,2
https://www.cantonlock.com/index.php?m=home&c=Lists&a=index&tid=123,2
https://www.cantonlock.com/index.php?m=home&c=Lists&a=index&tid=125,2
https://www.cantonlock.com/index.php?m=home&c=Lists&a=index&tid=129,2
https://www.cantonlock.com/index.php?m=home&c=View&a=index&aid=1000,2
https://www.cantonlock.com/index.php?m=home&c=View&a=index&aid=332,2
https://cantonlock.com/Index.php?m=home&c=View&a=index&aid=789&lang=cn,1
https://cantonlock.com/collections/hardware-accessories-door-stoppers/,1
https://cantonlock.com/collections/knob-locks-commercial-locks/,1
https://cantonlock.com/collections/panic-exit-devices-multi-point/,1
https://cantonlock.com/collections/panic-exit-devices-special-applications/,1
https://cantonlock.com/compare/knob-locks/,1
https://cantonlock.com/es/collections/panic-exit-devices-special-applications/,1
https://cantonlock.com/es/compare/deadbolts/,1
https://cantonlock.com/es/products/hardware-accessories/fb014-door-flush-bolt/,1
https://cantonlock.com/es/products/knob-locks/5874-acet-heavy-duty-cylindrical-lock/,1
https://cantonlock.com/es/products/knob-locks/607-sset-tubular-lock/,1
https://cantonlock.com/es/products/panic-exit-devices/314-alarm-panic-bar-exit-device/,1
https://cantonlock.com/index.php?m=home&c=View&a=index&aid=150,1
https://cantonlock.com/index.php?m=home&c=View&a=index&aid=1549&lang=cn,1
https://cantonlock.com/newsletter/,1
https://cantonlock.com/products/bathroom-accessories/bh15-bathroom-accessories/,1
https://cantonlock.com/products/bathroom-accessories/bh36-bathroom-accessories/,1
https://cantonlock.com/products/brass-steel-hinges/ss027-brass-and-steel-hinges/,1
https://cantonlock.com/products/glass-door-accessories/,1
https://cantonlock.com/products/grip-handle-sets/70780-ab-grip-handle-set/,1
https://cantonlock.com/products/hardware-accessories/dust-proof-01-door-viewer/,1
https://cantonlock.com/products/knob-locks/,1
https://cantonlock.com/products/knob-locks/587-ssbk-light-duty-cylindrical-lock/,1
https://cantonlock.com/products/knob-locks/587-sset-light-duty-cylindrical-lock/,1
https://cantonlock.com/products/knob-locks/607-pbet-tubular-lock/,1
https://cantonlock.com/products/lever-handles/812-sset-lever-handle/,1
https://cantonlock.com/products/lever-handles/lh852-bnbk-lever-handle/,1
https://cantonlock.com/products/lock-cases/lc04-85-60mm-lock-case/,1
https://cantonlock.com/products/lock-cylinders/,1
https://cantonlock.com/products/night-latches-rim-locks/,1
https://cantonlock.com/products/night-latches-rim-locks/5688-night-latch-and-rim-lock/,1
https://cantonlock.com/products/night-latches-rim-locks/h102-night-latch-and-rim-lock/,1
https://cantonlock.com/products/panic-exit-devices/033-panic-exit-device/,1
https://cantonlock.com/products/panic-exit-devices/313-panic-exit-device/,1
https://cantonlock.com/products/panic-exit-devices/317-cold-room-push-bar-exit-device/,1
https://cantonlock.com/products/panic-exit-devices/9080e-panic-exit-device/,1
https://cantonlock.com/products/stainless-steel-handles/9011e-stainless-steel-handle/,1
https://cantonlock.com/projects/,1
https://cantonlock.com/services/,1
https://www.cantonlock.com/Index.php?m=home&c=Lists&a=index&tid=75&page=26,1
https://www.cantonlock.com/Index.php?m=home&c=Lists&a=index&tid=99&lang=en&page=3,1
https://www.cantonlock.com/Index.php?m=home&c=View&a=index&aid=140&lang=en,1
https://www.cantonlock.com/Index.php?m=home&c=View&a=index&aid=1570&lang=cn,1
https://www.cantonlock.com/Index.php?m=home&c=View&a=index&aid=1607,1
https://www.cantonlock.com/Index.php?m=home&c=View&a=index&aid=174,1
https://www.cantonlock.com/Index.php?m=home&c=View&a=index&aid=228,1
https://www.cantonlock.com/Index.php?m=home&c=View&a=index&aid=429&lang=en,1
https://www.cantonlock.com/Index.php?m=home&c=View&a=index&aid=636&lang=cn,1
https://www.cantonlock.com/index.php?lang=es,1
https://www.cantonlock.com/index.php?m=home&c=Lists&a=index&tid=102&lang=cn,1
https://www.cantonlock.com/index.php?m=home&c=Lists&a=index&tid=113,1
https://www.cantonlock.com/index.php?m=home&c=Lists&a=index&tid=135,1
https://www.cantonlock.com/index.php?m=home&c=View&a=index&aid=1565,1
https://www.cantonlock.com/index.php?m=home&c=View&a=index&aid=423,1
https://www.cantonlock.com/index.php?m=home&c=View&a=index&aid=694&lang=cn,1
https://www.cantonlock.com/products/lock-cases/hy006dk-lock-case/,1