"关键字","印象数","点击次数","点击率","平均排名"
"canton hyland lock co.,ltd","130","34","26.150000000000002%","2.66922"
"cantol rim lock","10","2","20%","1.5"
"canton hyland官网","8","0","0%","5.5"
"single canton automatic release lock","8","0","0%","5"
"juq 071","7","0","0%","5"
"canton hyland lock co. ltd","6","0","0%","1.8333333333333333"
"door stopper ds013 vs ds011","6","0","0%","5.5"
"canton hyland lock co.,ltd  联系方式","6","4","66.67%","2.3333"
"广州海狄五金建材有限公司","5","0","0%","6.6"
"youtube  hyde cantonlock","5","0","0%","6.6"
"pb sb n04 lb032","4","0","0%","6"
"lock cylinder","4","0","0%","10"
"626 finish","4","0","0%","8.75"
"riga tesa lock cylinder replacement euro profile cylinder","4","0","0%","3"
"ssh017","4","0","0%","3"
"euro profile cylinder removal door unlocked retaining screw cam alignment","4","0","0%","1"
"panic canton","4","0","0%","2.25"
"cantonlock","4","1","25%","1.5"
"abs-015","4","0","0%","8.25"
"pinterset cantonlock","4","0","0%","8"
"ju-088","3","1","33.33%","1.3333333333333333"
"ansi a 156.3 grado 1 herraje de puerta","3","0","0%","8"
"nc068","3","0","0%","4.666666666666667"
"draftsight bim "identify block"","3","0","0%","6.3333"
"ar4 mortis","3","0","0%","1.6666666666666667"
"canton 812.com","2","0","0%","1"
"bk lock cylinder","2","0","0%","2"
"gala bh26","2","0","0%","10"
"power lock coupling falcon catlogue","2","0","0%","3"
"45bn-","2","0","0%","3.5"
"626 is us26d","2","0","0%","3"
"difference between flush bolts and door holders","2","0","0%","1"
"canton hyland lock co.,ltd  是哪个中国企业","2","0","0%","3.5"
"wbk 609","2","0","0%","6.5"
"rts 587 stainless steel tubular knob lock","2","0","0%","4.5"
"redco 5871sset","2","0","0%","1.5"
"philips453665116351","2","0","0%","10"
"toughened glass door ss 304 handle images","2","0","0%","4"
"dkpbdsb101c1","2","0","0%","5"
"cylindrical knob locks","2","0","0%","7"
"draftsight lock model","2","0","0%","8"
"mod.bh39/604/hsv1","2","0","0%","3.5"
"ib bl ne cerraduras que significa","2","0","0%","1"
"panic bar lock 301","2","0","0%","7.5"
"site:linkedin.com/posts "looking for a" manufacturing partner aluminium or zinc parts europe","2","0","0%","8"
"rim night latch (zinc alloy) 564","2","0","0%","1.5"
"hol00-us1 cerradura holland grado 3 llave botón us1","2","0","0%","9"
"559研究锁","2","0","0%","4"
"kh117523sl","2","0","0%","10"
"canton cylinder","2","0","0%","1.5"
"cantania bloquedor","2","0","0%","8.5"
"tubular knob lock-607-mb-et","2","0","0%","2"
"green puch lock fitting on a 2008 canton","2","0","0%","1.5"
"hyland hardware & locks co., ltd","2","0","0%","3.5"
"euro cylinder 35 50  split","2","0","0%","2"
"juq-071","2","0","0%","6.5"
"canopy door locks square type(tsexh0101)","2","0","0%","8.5"
"rim night latch (zinc alloy) 564 -","2","0","0%","1.5"
"607-bk ss tubular knob lock","2","1","50%","4.5"
"hc5845","2","0","0%","3"
"conton d102","2","0","0%","1.5"
"combrig 70750","2","0","0%","9"
"45bn","2","0","0%","3"
"canton hyland hardwar","2","0","0%","1.5"
"hyland trade fairs","2","0","0%","6.5"
"euro cylinder lengths","2","0","0%","7"
"598 series entrance lock (ti 598-et-ab) wilcon","2","0","0%","5"
"40mm door pe kitne mm cylinder jana chahiye for euro profile mortise lock","2","0","0%","4"
"canton hardware","2","0","0%","2.5"
"003hd41107-stainless handle","2","0","0%","6"
"trincos e maçanetas reversíveis - signifiado","2","0","0%","2"
"ncd handles","2","1","50%","1"
"canton hyland lock co.,ltd. contact information","2","1","50%","1.5"
"canton taper locks","2","1","50%","1.5"
"026 canton","2","0","0%","1.5"
"mobile ha white 150 closet hinge (ch01)","2","0","0%","10"
"3010 cutsheet biton lock","2","0","0%","8"
"el cilindro de la cerradura al pestillo","1","0","0%","4"
"yhfk100-75","1","0","0%","5"
"cn-33255ht","1","0","0%","6"
"canton door","1","0","0%","3"
"door lock","1","0","0%","4"
"panic escape bars","1","0","0%","6"
"panic touch bar devices","1","0","0%","10"
"straight passage stainless steel 6pkg","1","0","0%","6"
"what is piano hinge overall knuckle height","1","0","0%","4"
"forensic locksmith copyright","1","0","0%","94"
"entre-ejes cerradura de embutir 85 mm qué mide distancia manilla bombín entrada 50 mm medidas cajetín","1","0","0%","1"
"hyland defect uhtm‑2587","1","0","0%","3"
"puyq328o6w","1","0","0%","3"
"hoja activa y pasiva en una puerta","1","0","0%","2"
"ssl550707","1","0","0%","5"
"sld83x120-h3","1","0","0%","7"
"pds-0024-01 lockable l3","1","0","0%","4"
"qué profundidad tiene cerradura de embutir 6068.","1","0","0%","3"
"cilindro europeu padrão","1","0","0%","1"
"www.bh43.com","1","0","0%","2"
"panic hardware","1","0","0%","9"
"oem cost es embalaje o no","1","0","0%","2"
"hkc80-70x90 lock","1","0","0%","8"
"wlet","1","0","0%","7"
"panic+hardware+installation","1","0","0%","2"
"ca6020840s450 panic device","1","1","100%","1"
"lock export manufacturer","1","0","0%","1"
"hl4pdm8-101","1","0","0%","6"
"bh-54","1","0","0%","6"
"euro profile cylinder thumbturn removal retaining screw door edge","1","0","0%","6"
"587-pb polished brass","1","0","0%","6"
"lever handle spindle length compatibility door thickness","1","0","0%","3"
"cylindrical lock backset measurement","1","0","0%","4"
"terminal ganton ls by g3d","1","0","0%","2"
"h002yl1661","1","0","0%","4"
"guangzhou lijian lock co., ltd","1","0","0%","7"
"if a door in hingd on the left and opens away from you what handing lock is required","1","0","0%","4"
"l004-d4","1","0","0%","5"
"dvm lock sample pdf","1","0","0%","5"
"ansi lock casing fire rating","1","0","0%","2"
"como abrir uma fechadura de cilindro europeu sem chave","1","0","0%","3"
"to lock a pocket that you can order from canton","1","0","0%","1"
"panic device","1","0","0%","3"
"ac doors f101","1","0","0%","1"
"cutsheet for door meaning","1","0","0%","5"
"como saber si puerta es izquierda o derecha medida desde pasillo","1","0","0%","7"
"559suo","1","0","0%","2"
"960bl030","1","0","0%","3"
"how do you fix euro profile cylinder escutcheon round to the door","1","0","0%","1"
"euro cylinder dimensions with top and bottom","1","0","0%","6"
"45bn495","1","0","0%","6"
"swiss style canton model","1","0","0%","7"
"tubular door lock et function backset 50mm 60mm 70mm three position","1","0","0%","6"
"how to open a door with a euro cylinder","1","0","0%","5"
"when placing a door in a wall, what key is used to flip the hinge side of the door to the left rather than the right before it is placed?","1","0","0%","8"
"cylindricsl lock backset","1","0","0%","2"
"european profile cylinder lock replacement measuring installation","1","0","0%","2"
"panic touch bar vs push bar","1","0","0%","3"
"http://company.binnarui.com:70780","1","0","0%","1"
"la barra de presión fija el producto","1","0","0%","2"
"bh09s","1","0","0%","5"
"canton hyland lock co.,ltd.","1","0","0%","1"
"glenco engineering incorporated hardlock se user guide","1","0","0%","7"
"lock stile de una puerta en español","1","0","0%","6"
"eai privacy lock door handle drawing","1","0","0%","5"
"euro cylinder door lock new installation kit what is needed","1","0","0%","2"
"euro patio lock cylinder pinning instructions","1","1","100%","1"
"what is 626 finish called","1","0","0%","7"
"pennss6#a9","1","0","0%","10"
"qué significa ansi ich","1","0","0%","6"
"charing hardwear rim locks","1","0","0%","7"
"bi-lock fb005","1","0","0%","8"
"ss-d102","1","0","0%","10"
"europa isso parafuso","1","0","0%","3"
"f132 alloy","1","0","0%","7"
"push panic bar","1","0","0%","8"
"559锁","1","0","0%","2"
"ept01","1","0","0%","9"
"diy hacer cilindro de cerradura","1","0","0%","4"
"what are the centres on a mortice lock","1","0","0%","7"
"what is us26d finish","1","0","0%","10"
"what is a door cylinder split size","1","0","0%","2"
"626 finish color","1","0","0%","8"
"bkn45inc","1","0","0%","7"
"fire bird brand rim night latch instructions art no 564","1","0","0%","5"
"condoh schedule hardware pintu","1","0","0%","8"
"flush bolt ss1932","1","0","0%","10"
"9011e","1","0","0%","3"
"are door contatc used to stablise a cosed door","1","0","0%","7"
"what is thebdifference betweeen lh and rh in hardwick lyndon locking nightvent fasteners?","1","0","0%","7"
"kent building door locks and nobs","1","0","0%","6"
"toucan lock standar","1","0","0%","9"
"h1ss98-18","1","0","0%","5"
"rxfse25r510l32d3 panic bar","1","0","0%","4"
"ansi equivalent to en standard","1","0","0%","8"
"lock type: door;set width: 40mm length: 231x16mm material: aluminium for pvc door; model number: cgdms8525;","1","0","0%","7"
"direct hardware/tl d101-matte black double cylinder deadbolt technical specification","1","0","0%","5"
"rainer euro cylinder","1","0","0%","5"
"tamanho de fechadura do chao","1","0","0%","8"
""rcss41062d1" "410" "handle" "candy"","1","0","0%","6"
"door push bar pnap","1","0","0%","8"
"mpz836","1","0","0%","9"
"cuanto miden las cerraduras de sobreponer","1","0","0%","1"
"5895016103480","1","0","0%","4"
"entrance locks,cylinder,grip handle,deadbolt","1","0","0%","8"
"lead 65cm-sn/a-log 976562","1","0","0%","5"
"bh04-0514","1","0","0%","9"
"código de acero inox en satinado","1","0","0%","1"
"aluminium bathroom door lock in chinease conversion","1","0","0%","4"
"oval lock cyl for boat","1","0","0%","6"
"throw the deadbolt meaning","1","0","0%","9"
"especificacion ansi aplica a escocia?","1","0","0%","7"
"cantol bindada 800 guía","1","0","0%","7"
"kent mortise handle","1","0","0%","6"
"hylanlock","1","0","0%","1"
"qual a mão que escrevemos direita ou esquerda","1","0","0%","10"
"panic exit device cth import","1","0","0%","9"
"specifications to-pldt 028 pdf","1","0","0%","9"
"magnum cylinder israel euro profile lock cylinder","1","0","0%","2"
"j.l. baron ch001 concealed hinges","1","0","0%","8"
"sscr request arriba","1","0","0%","5"
"ju r088","1","0","0%","3"
"cam; type: lock; drawing: h-7128-b, pos: mkd-2 of hindalco; material: cs, application: anode clamp assembly","1","0","0%","4"
"闭门器 hl-071","1","0","0%","6"
"lock handle 5 ft glass door square pipe","1","0","0%","8"
"door closer closing coordination","1","0","0%","3"
"lock nnc182","1","0","0%","5"
"anodes door 3 butt hinge ms lock correct spelling","1","0","0%","7"
"que significa 1/4soplado en un mecanismo de ejes para puertas de madera","1","0","0%","1"
"ganton lock","1","0","0%","5"
"5689 ctn","1","0","0%","1"
"high security locks newportprecision sheet metal fabrication canton, oh","1","0","0%","3"
"how do you ensure that double doors close in the right order","1","0","0%","10"
"hlh16x80s","1","0","0%","10"
"yale 8560 lockcase","1","0","0%","9"
"bh-as55-26 washroom","1","1","100%","2"
"how to lock a sloiding door fire exit","1","0","0%","8"
"cómo se lee este número 59.690.395.870 en letras","1","0","0%","4"
"canton product identification","1","0","0%","1"
"fire door coordinator","1","0","0%","5"
"mortise concealed handle","1","0","0%","8"
"ds-lock-02","1","0","0%","6"
"cyl torrolance abdo","1","0","0%","9"
"+what is the difference between the assa abloy 189no and the 819ne lock","1","0","0%","1"
"door coordinator for double door usually used for timber & metal doors only, right?","1","0","0%","8"
"pbb0743","1","0","0%","5"
"45bn,.","1","0","0%","4"
"lineal element door pb fachada","1","0","0%","4"
"microalgas fb001, fb012 e fb013","1","0","0%","9"
"cilindro de cerradura euro single","1","0","0%","7"
"fb-012","1","0","0%","7"
"848416019885","1","0","0%","3"
"kh39.cn","1","0","0%","6"
"cantar lever lock in united kingdon","1","0","0%","1"
"whiting 5681 latch","1","0","0%","4"
"keimen bim ficha tecnica","1","0","0%","9"
"hl41py5-6","1","0","0%","8"
"can you open a euro lock with mole grips","1","0","0%","3"
"lk-558s rim lock","1","0","0%","6"
"bv1kr4y187pk","1","0","0%","8"
"门锁l-3011","1","0","0%","6"
"a right hand lock has the bolt on the right side and the hinges on the left side.","1","0","0%","9"
"service@oanron.com.","1","0","0%","4"
"dk solid","1","0","0%","10"
"cerradura normalizada consorcio","1","0","0%","5"
"cantonkiller","1","0","0%","9"
"que es una puerta de una hoja deploye","1","0","0%","9"
