排名靠前的网页,点击次数,展示,点击率,排名
https://www.cantonlock.com/,31,206,15.05%,8.52
https://cantonlock.com/,19,101,18.81%,3.89
https://www.cantonlock.com/index.php?lang=es,3,31,9.68%,4.97
https://cantonlock.com/products/door-closers/ju-088-door-closer/,3,5,60%,1.2
https://www.cantonlock.com/index.php?m=home&c=Lists&a=index&tid=89,2,120,1.67%,5.31
https://cantonlock.com/products/,2,72,2.78%,11.43
https://www.cantonlock.com/index.php?m=home&c=Lists&a=index&tid=91,1,47,2.13%,8.55
https://cantonlock.com/es/products/,1,44,2.27%,6.25
https://cantonlock.com/company/,1,40,2.5%,4.38
https://cantonlock.com/products/sliding-hook-locks/,1,13,7.69%,5.54
https://cantonlock.com/news/,1,9,11.11%,9.56
https://www.cantonlock.com/index.php?m=home&c=View&a=index&aid=1000,1,8,12.5%,1.75
https://www.cantonlock.com/index.php?m=home&c=Lists&a=index&tid=97,1,8,12.5%,19.38
https://cantonlock.com/es/products/panic-exit-devices/,1,7,14.29%,1.43
https://www.cantonlock.com/index.php?m=home&c=View&a=index&aid=318,1,6,16.67%,5.33
https://cantonlock.com/products/lever-handles/,1,6,16.67%,16.33
https://cantonlock.com/products/knob-locks/5807-e-heavy-duty-cylindrical-lock/,1,5,20%,1.6
https://www.cantonlock.com/Index.php?m=home&c=View&a=index&aid=636&lang=cn,1,5,20%,4
https://cantonlock.com/products/panic-exit-devices/317-cold-room-push-bar-exit-device/,1,4,25%,4.75
https://cantonlock.com/products/knob-locks/587-sset-light-duty-cylindrical-lock/,1,2,50%,1
https://cantonlock.com/index.php?m=home&c=Lists&a=index&tid=98&lang=cn,1,2,50%,2
https://cantonlock.com/es/collections/panic-exit-devices-special-applications/,1,1,100%,1
https://cantonlock.com/products/knob-locks/607-pbet-tubular-lock/,1,1,100%,1
https://cantonlock.com/products/night-latches-rim-locks/h102-night-latch-and-rim-lock/,1,1,100%,1
https://cantonlock.com/products/lock-cases/lc04-85-60mm-lock-case/,1,1,100%,2
https://www.cantonlock.com/Index.php?m=home&c=View&a=index&aid=1075&lang=en,1,1,100%,6
https://cantonlock.com/news/master-key-systems-how-many-levels-you-need/,0,243,0%,7.51
https://cantonlock.com/contact/,0,98,0%,48.85
https://cantonlock.com/products/brass-steel-hinges/,0,79,0%,10.9
https://cantonlock.com/products/door-closers/,0,72,0%,19.89
https://www.cantonlock.com/Index.php?m=home&c=View&a=index&aid=1605,0,71,0%,26.14
https://cantonlock.com/compare/night-latches-rim-locks/,0,70,0%,9.74
https://www.cantonlock.com/index.php?m=home&c=Lists&a=index&tid=131,0,63,0%,65.89
https://cantonlock.com/products/night-latches-rim-locks/,0,36,0%,29.28
https://cantonlock.com/news/mortise-lock-backset-and-centre-distance-guide/,0,31,0%,5
https://cantonlock.com/products/panic-exit-devices/,0,25,0%,18.44
https://cantonlock.com/products/lock-cylinders/,0,24,0%,19
https://cantonlock.com/es/,0,22,0%,4.73
https://cantonlock.com/products/lock-cases/,0,22,0%,5.32
https://www.cantonlock.com/index.php?m=home&c=Lists&a=index&tid=123,0,21,0%,32
https://cantonlock.com/products/hardware-accessories/fb005-door-flush-bolt/,0,19,0%,7.42
https://www.cantonlock.com/Index.php?m=home&c=View&a=index&aid=453,0,18,0%,10.56
https://www.cantonlock.com/Index.php?m=home&c=View&a=index&aid=1602,0,17,0%,10.24
https://cantonlock.com/products/night-latches-rim-locks/564-mb-night-latch-and-rim-lock/,0,16,0%,3.25
https://cantonlock.com/products/bathroom-accessories/bh28-bathroom-accessories/,0,16,0%,5.62
https://cantonlock.com/products/knob-locks/,0,14,0%,12
https://www.cantonlock.com/index.php?m=home&c=Lists&a=index&tid=125,0,13,0%,10.23
https://www.cantonlock.com/Index.php?m=home&c=Lists&a=index&tid=23&lang=cn,0,12,0%,4.92
https://cantonlock.com/es/company/,0,12,0%,6
https://cantonlock.com/products/panic-exit-devices/305-fire-door-panic-exit-device/,0,11,0%,12
https://cantonlock.com/products/bathroom-accessories/bh13-bathroom-accessories/,0,10,0%,9
https://cantonlock.com/products/night-latches-rim-locks/night-latch-rim-lock/,0,10,0%,12.6
https://www.cantonlock.com/Index.php?m=home&c=View&a=index&aid=1607,0,10,0%,18.1
https://cantonlock.com/es/news/mortise-lock-backset-and-centre-distance-guide/,0,9,0%,3.89
https://www.cantonlock.com/index.php?m=home&c=View&a=index&aid=1601,0,9,0%,4.56
https://cantonlock.com/index.php?m=home&c=Lists&a=index&tid=30&lang=cn,0,9,0%,5.33
https://cantonlock.com/es/products/deadbolts/d102-ss-deadbolts/,0,9,0%,5.56
https://www.cantonlock.com/index.php?m=home&c=View&a=index&aid=332,0,9,0%,6.33
https://cantonlock.com/projects/commercial-fire-egress-hardware/,0,9,0%,9.67
https://cantonlock.com/products/night-latches-rim-locks/5835-night-latch-and-rim-lock/,0,9,0%,31.67
https://www.cantonlock.com/products/,0,9,0%,36.33
https://cantonlock.com/products/grip-handle-sets/,0,8,0%,5.75
https://www.cantonlock.com/index.php?m=home&c=View&a=index&aid=1565,0,8,0%,6.5
https://cantonlock.com/products/hardware-accessories/fb012-door-flush-bolt/,0,8,0%,7.62
https://www.cantonlock.com/Index.php?m=home&c=View&a=index&aid=1544&lang=cn,0,8,0%,7.75
https://www.cantonlock.com/index.php?m=home&c=Lists&a=index&tid=44&lang=es,0,8,0%,8.25
https://cantonlock.com/collections/hardware-accessories-door-stoppers/,0,7,0%,3.43
https://cantonlock.com/faq/,0,7,0%,6.86
https://cantonlock.com/products/stainless-steel-handles/,0,7,0%,6.86
https://cantonlock.com/products/hardware-accessories/ds013-door-stopper/,0,7,0%,7.57
https://cantonlock.com/product-finder/,0,7,0%,9.57
https://www.cantonlock.com/Index.php?m=home&c=Lists&a=index&tid=99,0,7,0%,17.14
https://cantonlock.com/products/night-latches-rim-locks/559-night-latch-and-rim-lock/,0,7,0%,47.29
https://www.cantonlock.com/index.php?m=home&c=Lists&a=index&tid=159,0,7,0%,50.14
https://www.cantonlock.com/index.php?m=home&c=Lists&a=index&tid=115,0,7,0%,53.43
https://cantonlock.com/products/night-latches-rim-locks/564-night-latch-and-rim-lock/,0,6,0%,5.5
https://cantonlock.com/products/grip-handle-sets/70780-ab-grip-handle-set/,0,6,0%,6
https://cantonlock.com/es/products/lock-cases/,0,6,0%,7.33
https://cantonlock.com/es/products/night-latches-rim-locks/5689-night-latch-and-rim-lock/,0,6,0%,7.5
https://cantonlock.com/products/hardware-accessories/fb001-ac-door-flush-bolt/,0,6,0%,8.67
https://cantonlock.com/compare/lock-cylinders/,0,6,0%,9.83
https://www.cantonlock.com/index.php?m=home&c=Lists&a=index&tid=133,0,6,0%,10.33
https://www.cantonlock.com/Index.php?m=home&c=View&a=index&aid=1584&lang=cn,0,6,0%,15.83
https://cantonlock.com/products/bathroom-accessories/bh33-bathroom-accessories/,0,6,0%,22.67
https://www.cantonlock.com/index.php?m=home&c=Lists&a=index&tid=113,0,6,0%,33.83
https://cantonlock.com/products,0,6,0%,38.83
https://www.cantonlock.com/Index.php?m=home&c=Lists&a=index&tid=79,0,6,0%,57.17
https://cantonlock.com/collections/knob-locks-commercial-locks/,0,6,0%,59.83
https://www.cantonlock.com/Index.php?m=home&c=Lists&a=index&tid=103,0,5,0%,4
https://cantonlock.com/products/lever-handles/lh855-snbk-lever-handle/,0,5,0%,4.4
https://www.cantonlock.com/Index.php?m=home&c=View&a=index&aid=174,0,5,0%,4.4
https://cantonlock.com/request/price-list/,0,5,0%,4.8
https://cantonlock.com/products/panic-exit-devices/037-panic-exit-device/,0,5,0%,5.2
https://www.cantonlock.com/index.php?m=home&c=Lists&a=index&tid=155,0,5,0%,5.2
https://cantonlock.com/products/bathroom-accessories/,0,5,0%,8.6
https://cantonlock.com/products/glass-door-accessories/,0,5,0%,8.6
https://www.cantonlock.com/index.php?m=home&c=Lists&a=index&tid=75,0,5,0%,45.8
https://cantonlock.com/es/products/lever-handles/lh852-bnbk-lever-handle/,0,5,0%,71.2
https://cantonlock.com/es/products/glass-door-accessories/glass-door-patch-fitting-set/,0,4,0%,1
https://cantonlock.com/products/brass-steel-hinges/ssh017-brass-and-steel-hinges/,0,4,0%,2.5
https://cantonlock.com/collections/hardware-accessories-power-transfer-devices/,0,4,0%,3
https://www.cantonlock.com/Index.php?m=home&c=View&a=index&aid=621&lang=cn,0,4,0%,4.75
https://cantonlock.com/compare/lock-cases/,0,4,0%,5
https://cantonlock.com/products/hardware-accessories/fb015-door-flush-bolt/,0,4,0%,5
https://cantonlock.com/products/stainless-steel-handles/lh1033-ss-stainless-steel-handle/,0,4,0%,5
https://www.cantonlock.com/Index.php?m=home&c=View&a=index&aid=1569,0,4,0%,5
https://cantonlock.com/es/products/stainless-steel-handles/9011e-stainless-steel-handle/,0,4,0%,5.25
https://cantonlock.com/services/,0,4,0%,5.25
https://www.cantonlock.com/index.php?m=home&c=View&a=index&aid=615&lang=cn,0,4,0%,5.5
https://cantonlock.com/downloads/,0,4,0%,5.75
https://cantonlock.com/products/lever-handles/eh03-lever-handle/,0,4,0%,5.75
https://cantonlock.com/collections/glass-door-accessories-glass-door-patch-fittings/,0,4,0%,6
https://www.cantonlock.com/index.php?m=home&c=Lists&a=index&tid=127,0,4,0%,6
https://cantonlock.com/products/knob-locks/587-ssbk-light-duty-cylindrical-lock/,0,4,0%,7.25
https://www.cantonlock.com/index.php?m=home&c=View&a=index&aid=1521,0,4,0%,7.75
https://www.cantonlock.com/Index.php?m=home&c=Lists&a=index&tid=157,0,4,0%,8.75
https://www.cantonlock.com/index.php?m=home&c=View&a=index&aid=1595,0,4,0%,9.25
https://cantonlock.com/es/compare/lock-cases/,0,4,0%,9.5
https://cantonlock.com/collections/hardware-accessories-door-viewers/,0,4,0%,11.75
https://cantonlock.com/es/products/hardware-accessories/dc02-door-coordinator/,0,4,0%,11.75
https://www.cantonlock.com/index.php?m=home&c=View&a=index&aid=652&lang=cn,0,4,0%,12.75
https://cantonlock.com/compare/panic-exit-devices/,0,4,0%,13.25
https://www.cantonlock.com/Index.php?m=home&c=Lists&a=index&tid=100&lang=cn,0,4,0%,23
https://cantonlock.com/collections/knob-locks-heavy-duty-cylindrical-locks/,0,4,0%,24.75
https://www.cantonlock.com/index.php?m=home&c=Lists&a=index&tid=101&page=3,0,4,0%,39
https://cantonlock.com/products/glass-door-accessories/stainless-steel-glass-door-pull-handle/,0,3,0%,1
https://cantonlock.com/products/knob-locks/578-acet-light-duty-cylindrical-lock/,0,3,0%,2
https://cantonlock.com/products/panic-exit-devices/300-panic-exit-device/,0,3,0%,2
https://cantonlock.com/es/products/glass-door-accessories/gl125-ss-glass-door-patch-fittings/,0,3,0%,2.33
https://www.cantonlock.com/index.php?m=home&c=Lists&a=index&tid=3&lang=cn&page=12,0,3,0%,2.67
https://cantonlock.com/es/products/brass-steel-hinges/f100-ss-door-hinge/,0,3,0%,3
https://www.cantonlock.com/index.php?m=home&c=View&a=index&aid=1059,0,3,0%,3
https://cantonlock.com/products/lever-handles/lh855-lever-handle/,0,3,0%,3.33
https://www.cantonlock.com/Index.php?m=home&c=View&a=index&aid=454,0,3,0%,3.33
https://cantonlock.com/collections/hardware-accessories-indicators/,0,3,0%,4.33
https://cantonlock.com/es/products/night-latches-rim-locks/,0,3,0%,4.33
https://cantonlock.com/products/bathroom-accessories/bh20-bathroom-accessories/,0,3,0%,4.33
https://cantonlock.com/products/lever-handles/lh855-snet-lever-handle/,0,3,0%,4.33
https://cantonlock.com/projects/,0,3,0%,4.33
https://cantonlock.com/es/products/panic-exit-devices/314-alarm-panic-bar-exit-device/,0,3,0%,4.67
https://cantonlock.com/newsletter/,0,3,0%,4.67
https://cantonlock.com/products/bathroom-accessories/bh36-bathroom-accessories/,0,3,0%,5
https://cantonlock.com/compare/hardware-accessories/,0,3,0%,5.33
https://cantonlock.com/es/products/knob-locks/5874-acet-heavy-duty-cylindrical-lock/,0,3,0%,5.33
https://cantonlock.com/products/lock-cylinders/54-dk-lock-cylinder/,0,3,0%,5.67
https://cantonlock.com/products/glass-door-accessories/f114-glass-door-patch-fittings/,0,3,0%,6
https://cantonlock.com/compare/knob-locks/,0,3,0%,7
https://www.cantonlock.com/index.php?m=home&c=Lists&a=index&tid=129,0,3,0%,7
https://www.cantonlock.com/index.php?m=home&c=View&a=index&aid=812&lang=cn,0,3,0%,7
https://cantonlock.com/index.php?m=home&c=View&a=index&aid=695&lang=cn,0,3,0%,7.33
https://www.cantonlock.com/products/bathroom-accessories/bh10-bathroom-accessories/,0,3,0%,7.33
https://cantonlock.com/products/lever-handles/stainless-steel-lever-handle-lock/,0,3,0%,8
https://cantonlock.com/products/panic-exit-devices/023-etan-anti-pick-panic-exit-device/,0,3,0%,8
https://cantonlock.com/Index.php?m=home&c=View&a=index&aid=606&lang=cn,0,3,0%,8.33
https://www.cantonlock.com/index.php?m=home&c=View&a=index&aid=370,0,3,0%,8.33
https://cantonlock.com/es/products/panic-exit-devices/316-s-panic-exit-device/,0,3,0%,8.67
https://cantonlock.com/products/hardware-accessories/fb016-door-flush-bolt/,0,3,0%,8.67
https://www.cantonlock.com/Index.php?m=home&c=View&a=index&aid=156,0,3,0%,8.67
https://cantonlock.com/products/lever-handles/804-pbet-lever-handle/,0,3,0%,9
https://cantonlock.com/products/bathroom-accessories/bh38-bathroom-accessories/,0,3,0%,9.33
https://www.cantonlock.com/index.php?m=home&c=View&a=index&aid=409&lang=en,0,3,0%,10
https://cantonlock.com/index.php?m=home&c=View&a=index&aid=1549&lang=cn,0,3,0%,10.33
https://www.cantonlock.com/Index.php?m=home&c=View&a=index&aid=1570&lang=cn,0,3,0%,10.33
https://cantonlock.com/index.php?m=home&c=View&a=index&aid=901&lang=cn,0,3,0%,10.67
https://www.cantonlock.com/index.php?m=home&c=View&a=index&aid=543,0,3,0%,10.67
https://www.cantonlock.com/contact/?product=Grip Handle Set&model=70780 AB,0,3,0%,11.33
https://cantonlock.com/collections/hardware-accessories-door-flush-bolts/,0,3,0%,11.67
https://www.cantonlock.com/index.php?m=home&c=View&a=index&aid=1069,0,3,0%,11.67
https://www.cantonlock.com/index.php?m=home&c=View&a=index&aid=1572&lang=cn,0,3,0%,11.67
https://cantonlock.com/index.php?m=home&c=View&a=index&aid=739&lang=cn,0,3,0%,17.33
https://www.cantonlock.com/index.php?m=home&c=Lists&a=index&tid=111,0,3,0%,18.33
https://cantonlock.com/products/hardware-accessories/dust-proof-01-door-viewer/,0,3,0%,19.33
https://www.cantonlock.com/index.php?m=home&c=Lists&a=index&tid=76,0,3,0%,20
https://cantonlock.com/products/bathroom-accessories/bh18-bathroom-accessories/,0,3,0%,20.33
https://cantonlock.com/products/bathroom-accessories/bh23-bathroom-accessories/,0,3,0%,22.33
https://www.cantonlock.com/index.php?m=home&c=View&a=index&aid=1597,0,3,0%,23.33
https://www.cantonlock.com/index.php?m=home&c=View&a=index&aid=679&lang=cn,0,3,0%,23.33
https://www.cantonlock.com/index.php?m=home&c=View&a=index&aid=1549&lang=cn,0,3,0%,33
https://www.cantonlock.com/index.php?m=home&c=View&a=index&aid=423,0,3,0%,33
https://cantonlock.com/index.php?m=home&c=View&a=index&aid=651&lang=cn,0,3,0%,44.33
https://cantonlock.com/products/stainless-steel-handles/9012e-stainless-steel-handle/,0,3,0%,61
https://www.cantonlock.com/Index.php?m=home&c=Lists&a=index&tid=30&lang=cn,0,2,0%,1
https://www.cantonlock.com/Index.php?m=home&c=View&a=index&aid=965&lang=cn,0,2,0%,1
https://cantonlock.com/products/brass-steel-hinges/ssh018-brass-and-steel-hinges/,0,2,0%,2
https://cantonlock.com/products/knob-locks/6082-sn-tubular-lock/,0,2,0%,2
https://cantonlock.com/es/products/hardware-accessories/,0,2,0%,3
https://www.cantonlock.com/Index.php?m=home&c=View&a=index&aid=140&lang=en,0,2,0%,3
https://cantonlock.com/products/panic-exit-devices/313-panic-exit-device/,0,2,0%,3.5
https://cantonlock.com/es/projects/commercial-fire-egress-hardware/,0,2,0%,4
https://cantonlock.com/products/deadbolts/d101-ab-deadbolts/,0,2,0%,4
https://www.cantonlock.com/index.php?m=home&c=View&a=index&aid=1581,0,2,0%,4
https://cantonlock.com/es/products/bathroom-accessories/bh14-bathroom-accessories/,0,2,0%,4.5
https://www.cantonlock.com/index.php?m=home&c=Lists&a=index&tid=102&lang=cn,0,2,0%,4.5
https://www.cantonlock.com/index.php?m=home&c=View&a=index&aid=597&lang=cn,0,2,0%,4.5
https://cantonlock.com/es/products/deadbolts/,0,2,0%,5
https://cantonlock.com/es/products/hardware-accessories/stainless-steel-flush-bolt/,0,2,0%,5
https://cantonlock.com/es/products/stainless-steel-handles/,0,2,0%,5
https://cantonlock.com/index.php?m=home&c=Lists&a=index&tid=144&lang=cn,0,2,0%,5
https://www.cantonlock.com/index.php?m=home&c=Lists&a=index&tid=150&lang=cn,0,2,0%,5
https://www.cantonlock.com/index.php?m=home&c=View&a=index&aid=441,0,2,0%,5
https://cantonlock.com/es/products/panic-exit-devices/310-panic-exit-device/,0,2,0%,5.5
https://www.cantonlock.com/Index.php?m=home&c=View&a=index&aid=1596&lang=cn,0,2,0%,6
https://www.cantonlock.com/index.php?m=home&c=Lists&a=index&tid=105,0,2,0%,6
https://cantonlock.com/es/products/panic-exit-devices/300-panic-exit-device/,0,2,0%,6.5
https://www.cantonlock.com/Index.php?m=home&c=Lists&a=index&tid=126&lang=cn&page=3,0,2,0%,6.5
https://www.cantonlock.com/Index.php?m=home&c=View&a=index&aid=236,0,2,0%,6.5
https://cantonlock.com/products/lever-handles/black-tubular-lever-lock-set/,0,2,0%,7
https://www.cantonlock.com/index.php?m=home&c=View&a=index&aid=411,0,2,0%,7
https://cantonlock.com/products/brass-steel-hinges/ssh020-brass-and-steel-hinges/,0,2,0%,7.5
https://cantonlock.com/products/panic-exit-devices/314-alarm-panic-bar-exit-device/,0,2,0%,7.5
https://www.cantonlock.com/index.php?m=home&c=View&a=index&aid=407,0,2,0%,7.5
https://cantonlock.com/collections/panic-exit-devices-special-applications/,0,2,0%,8
https://cantonlock.com/es/compare/panic-exit-devices/,0,2,0%,8
https://cantonlock.com/products/knob-locks/598-tubular-lock/,0,2,0%,8
https://cantonlock.com/products/lever-handles/lh854-lever-handle/,0,2,0%,8
https://cantonlock.com/products/lock-cylinders/single-oval-cylinder-lock-cylinder/,0,2,0%,8
https://cantonlock.com/products/night-latches-rim-locks/558-night-latch-and-rim-lock/,0,2,0%,8
https://www.cantonlock.com/Index.php?m=home&c=View&a=index&aid=1580&lang=cn,0,2,0%,8
https://cantonlock.com/products/lock-cases/hy007-s-lock-case/,0,2,0%,8.5
https://cantonlock.com/products/lock-cases/lc06-85-50mm-ps-lock-case/,0,2,0%,8.5
https://cantonlock.com/products/panic-exit-devices/x2-panic-exit-device/,0,2,0%,8.5
https://www.cantonlock.com/Index.php?m=home&c=View&a=index&aid=142,0,2,0%,8.5
https://cantonlock.com/products/bathroom-accessories/bh07-bathroom-accessories/,0,2,0%,9
https://cantonlock.com/products/knob-locks/607-bnet-tubular-lock/,0,2,0%,9
https://cantonlock.com/products/lock-cases/lc02-85-40mm-lock-case/,0,2,0%,9
https://www.cantonlock.com/index.php?m=home&c=View&a=index&aid=1552&lang=cn,0,2,0%,9
https://www.cantonlock.com/index.php?m=home&c=View&a=index&aid=1599,0,2,0%,9
https://www.cantonlock.com/index.php?m=home&c=View&a=index&aid=215,0,2,0%,9
https://cantonlock.com/es/collections/hardware-accessories-power-transfer-devices/,0,2,0%,9.5
https://cantonlock.com/index.php?m=home&c=View&a=index&aid=754&lang=cn,0,2,0%,9.5
https://www.cantonlock.com/Index.php?m=home&c=View&a=index&aid=1038&lang=cn,0,2,0%,9.5
https://www.cantonlock.com/index.php?m=home&c=Lists&a=index&tid=156&lang=cn,0,2,0%,9.5
https://cantonlock.com/Index.php?m=home&c=View&a=index&aid=1574&lang=cn,0,2,0%,11
https://cantonlock.com/products/hardware-accessories/,0,2,0%,11
https://www.cantonlock.com/Index.php?m=home&c=Lists&a=index&tid=99&lang=en&page=5,0,2,0%,11
https://cantonlock.com/products/panic-exit-devices/320-two-point-locking-exit-device/,0,2,0%,12.5
https://www.cantonlock.com/index.php?m=home&c=View&a=index&aid=331,0,2,0%,12.5
https://cantonlock.com/Index.php?m=home&c=View&a=index&aid=1044&lang=cn,0,2,0%,13
https://www.cantonlock.com/Index.php?m=home&c=Lists&a=index&tid=145&lang=en,0,2,0%,13.5
https://cantonlock.com/products/door-closers/ju-093-door-closer/,0,2,0%,14
https://cantonlock.com/products/hardware-accessories/ds02-door-stopper/,0,2,0%,14.5
https://cantonlock.com/Index.php?m=home&c=View&a=index&aid=1542&lang=cn,0,2,0%,21
https://cantonlock.com/Index.php?m=home&c=View&a=index&aid=1541&lang=en,0,2,0%,26
https://cantonlock.com/products/brass-steel-hinges/bl031-brass-and-steel-hinges/,0,2,0%,26
https://cantonlock.com/index.php?m=home&c=View&a=index&aid=618&lang=cn,0,2,0%,27.5
https://cantonlock.com/compare/bathroom-accessories/,0,2,0%,28.5
https://cantonlock.com/products/knob-locks/5831-sset-heavy-duty-cylindrical-lock/,0,2,0%,30
https://www.cantonlock.com/index.php?m=home&c=View&a=index&aid=1538&lang=cn,0,2,0%,30.5
https://www.cantonlock.com/index.php?m=home&c=Lists&a=index&tid=121,0,2,0%,32
https://cantonlock.com/products/glass-door-accessories/glass-door-patch-fitting-set/,0,2,0%,32.5
https://cantonlock.com/es/collections/knob-locks-heavy-duty-cylindrical-locks/,0,2,0%,34.5
https://cantonlock.com/compare/sliding-hook-locks/,0,2,0%,35.5
https://www.cantonlock.com/index.php?m=home&c=Lists&a=index&tid=81,0,2,0%,35.5
https://cantonlock.com/Index.php?m=home&c=View&a=index&aid=789&lang=cn,0,1,0%,1
https://cantonlock.com/es/compare/deadbolts/,0,1,0%,1
https://cantonlock.com/es/products/glass-door-accessories/f111-glass-door-patch-fittings/,0,1,0%,1
https://cantonlock.com/es/products/hardware-accessories/fb014-door-flush-bolt/,0,1,0%,1
https://cantonlock.com/es/products/panic-exit-devices/023-etan-anti-pick-panic-exit-device/,0,1,0%,1
https://cantonlock.com/index.php?m=home&c=Lists&a=index&tid=96&lang=cn&page=4,0,1,0%,1
https://cantonlock.com/index.php?m=home&c=View&a=index&aid=150,0,1,0%,1
https://cantonlock.com/products/bathroom-accessories/bh15-bathroom-accessories/,0,1,0%,1
https://cantonlock.com/products/brass-steel-hinges/ss027-brass-and-steel-hinges/,0,1,0%,1
https://cantonlock.com/products/lever-handles/lh852-bnbk-lever-handle/,0,1,0%,1
https://cantonlock.com/products/lock-cylinders/70mb-lock-cylinder/,0,1,0%,1
https://cantonlock.com/products/night-latches-rim-locks/5688-night-latch-and-rim-lock/,0,1,0%,1
https://cantonlock.com/products/panic-exit-devices,0,1,0%,1
https://cantonlock.com/products/panic-exit-devices/9080e-panic-exit-device/,0,1,0%,1
https://cantonlock.com/products/stainless-steel-handles/9011e-stainless-steel-handle/,0,1,0%,1
https://www.cantonlock.com/Index.php?m=home&c=Lists&a=index&tid=119,0,1,0%,1
https://www.cantonlock.com/Index.php?m=home&c=Lists&a=index&tid=99&lang=en&page=3,0,1,0%,1
https://www.cantonlock.com/Index.php?m=home&c=View&a=index&aid=1567,0,1,0%,1
https://www.cantonlock.com/Index.php?m=home&c=View&a=index&aid=228,0,1,0%,1
https://www.cantonlock.com/Index.php?m=home&c=View&a=index&aid=347&lang=en,0,1,0%,1
https://www.cantonlock.com/index.php?m=home&c=Lists&a=index&tid=123&page=2,0,1,0%,1
https://www.cantonlock.com/index.php?m=home&c=Lists&a=index&tid=135,0,1,0%,1
https://www.cantonlock.com/index.php?m=home&c=View&a=index&aid=1526,0,1,0%,1
https://www.cantonlock.com/index.php?m=home&c=View&a=index&aid=169,0,1,0%,1
https://www.cantonlock.com/index.php?m=home&c=View&a=index&aid=645&lang=cn,0,1,0%,1
https://www.cantonlock.com/index.php?m=home&c=View&a=index&aid=694&lang=cn,0,1,0%,1
https://www.cantonlock.com/products/lock-cases/hy006dk-lock-case/,0,1,0%,1
https://cantonlock.com/collections/hardware-accessories-house-numbers/,0,1,0%,2
https://cantonlock.com/collections/hardware-accessories-latches/,0,1,0%,2
https://cantonlock.com/collections/panic-exit-devices-exterior-trim/,0,1,0%,2
https://cantonlock.com/compare/grip-handle-sets/,0,1,0%,2
https://cantonlock.com/es/products/bathroom-accessories/bh26-bathroom-accessories/,0,1,0%,2
https://cantonlock.com/es/products/brass-steel-hinges/ssh013-brass-and-steel-hinges/,0,1,0%,2
https://cantonlock.com/es/products/knob-locks/607-sset-tubular-lock/,0,1,0%,2
https://cantonlock.com/es/products/panic-exit-devices/?type=special-applications,0,1,0%,2
https://cantonlock.com/products/stainless-steel-handles/nc182-stainless-steel-handle/,0,1,0%,2
https://www.cantonlock.com/Index.php?m=home&c=View&a=index&aid=350&lang=en,0,1,0%,2
https://www.cantonlock.com/Index.php?m=home&c=View&a=index&aid=429&lang=en,0,1,0%,2
https://www.cantonlock.com/Index.php?m=home&c=View&a=index&aid=494&lang=en,0,1,0%,2
https://www.cantonlock.com/Index.php?m=home&c=View&a=index&aid=964&lang=cn,0,1,0%,2
https://www.cantonlock.com/index.php?m=home&c=View&a=index&aid=492&lang=en,0,1,0%,2
https://www.cantonlock.com/index.php?m=home&c=View&a=index&aid=946&lang=cn,0,1,0%,2
https://cantonlock.com/collections/panic-exit-devices-alarmed/,0,1,0%,3
https://cantonlock.com/es/collections/knob-locks-commercial-locks/,0,1,0%,3
https://cantonlock.com/index.php?m=home&c=View&a=index&aid=891&lang=cn,0,1,0%,3
https://cantonlock.com/products/glass-door-accessories/gl125-ss-glass-door-patch-fittings/,0,1,0%,3
https://cantonlock.com/products/hardware-accessories/dc02-door-coordinator/,0,1,0%,3
https://cantonlock.com/products/hardware-accessories/l005-latch/,0,1,0%,3
https://cantonlock.com/products/lock-cylinders/56-sn-lock-cylinder/,0,1,0%,3
https://cantonlock.com/products/panic-exit-devices/316-s-panic-exit-device/,0,1,0%,3
https://cantonlock.com/products/stainless-steel-handles/hd02-stainless-steel-handle/,0,1,0%,3
https://www.cantonlock.com/Index.php?m=home&c=View&a=index&aid=335,0,1,0%,3
https://www.cantonlock.com/Index.php?m=home&c=View&a=index&aid=774&lang=cn,0,1,0%,3
https://www.cantonlock.com/index.php?m=home&c=Lists&a=index&tid=99&lang=en&page=5,0,1,0%,3
https://www.cantonlock.com/index.php?m=home&c=View&a=index&aid=1576,0,1,0%,3
https://www.cantonlock.com/index.php?m=home&c=View&a=index&aid=613&lang=cn,0,1,0%,3
https://www.cantonlock.com/index.php?m=home&c=View&a=index&aid=672&lang=cn,0,1,0%,3
https://cantonlock.com/contact/?product=Night Latch And Rim Lock&model=G559,0,1,0%,4
https://cantonlock.com/index.php?m=home&c=View&a=index&aid=889&lang=cn,0,1,0%,4
https://cantonlock.com/products/bathroom-accessories/bh31-bathroom-accessories/,0,1,0%,4
https://cantonlock.com/products/hardware-accessories/ds010-door-stopper/,0,1,0%,4
https://cantonlock.com/products/knob-locks/5874-acet-heavy-duty-cylindrical-lock/,0,1,0%,4
https://cantonlock.com/products/lever-handles/805pbet-lever-handle/,0,1,0%,4
https://cantonlock.com/products/night-latches-rim-locks/5683-night-latch-and-rim-lock/,0,1,0%,4
https://cantonlock.com/pt/products/grip-handle-sets/70710-pb-grip-handle-set/,0,1,0%,4
https://www.cantonlock.com/index.php?m=home&c=Lists&a=index&tid=101&page=2,0,1,0%,4
https://www.cantonlock.com/index.php?m=home&c=View&a=index&aid=1041&lang=en,0,1,0%,4
https://www.cantonlock.com/index.php?m=home&c=View&a=index&aid=1593,0,1,0%,4
https://www.cantonlock.com/index.php?m=home&c=View&a=index&aid=436,0,1,0%,4
https://www.cantonlock.com/index.php?m=home&c=View&a=index&aid=558,0,1,0%,4
https://www.cantonlock.com/index.php?m=home&c=View&a=index&aid=714&lang=cn,0,1,0%,4
https://cantonlock.com/es/collections/knob-locks-tubular-locks/,0,1,0%,5
https://cantonlock.com/es/products/hardware-accessories/ds022-door-stopper/,0,1,0%,5
https://cantonlock.com/es/products/knob-locks/5831-sset-heavy-duty-cylindrical-lock/,0,1,0%,5
https://cantonlock.com/es/products/knob-locks/592-pbet-tubular-lock/,0,1,0%,5
https://cantonlock.com/es/projects/hospitality-residential-door-package/,0,1,0%,5
https://cantonlock.com/index.php?m=home&c=Lists&a=index&tid=148&lang=cn,0,1,0%,5
https://cantonlock.com/products/glass-door-accessories/f110-glass-door-patch-fittings/,0,1,0%,5
https://cantonlock.com/products/lever-handles/812-sset-lever-handle/,0,1,0%,5
https://cantonlock.com/products/panic-exit-devices/015-panic-exit-device/,0,1,0%,5
https://cantonlock.com/pt/,0,1,0%,5
https://www.cantonlock.com/Index.php?m=home&c=Lists&a=index&tid=112&lang=cn&page=4,0,1,0%,5
https://www.cantonlock.com/Index.php?m=home&c=Lists&a=index&tid=122&lang=cn&page=2,0,1,0%,5
https://www.cantonlock.com/Index.php?m=home&c=Lists&a=index&tid=140&lang=cn,0,1,0%,5
https://www.cantonlock.com/Index.php?m=home&c=Lists&a=index&tid=75&page=26,0,1,0%,5
https://www.cantonlock.com/Index.php?m=home&c=View&a=index&aid=1045,0,1,0%,5
https://www.cantonlock.com/Index.php?m=home&c=View&a=index&aid=388,0,1,0%,5
https://www.cantonlock.com/Index.php?m=home&c=View&a=index&aid=696&lang=cn,0,1,0%,5
https://www.cantonlock.com/index.php?m=home&c=Lists&a=index&tid=131&lang=en&page=2,0,1,0%,5
https://www.cantonlock.com/index.php?m=home&c=Lists&a=index&tid=29&lang=es,0,1,0%,5
https://www.cantonlock.com/index.php?m=home&c=View&a=index&aid=1070&lang=cn,0,1,0%,5
https://www.cantonlock.com/index.php?m=home&c=View&a=index&aid=629&lang=cn,0,1,0%,5
https://cantonlock.com/Index.php?m=home&c=View&a=index&aid=1556&lang=cn,0,1,0%,6
https://cantonlock.com/es/products/hardware-accessories/200-indicator/,0,1,0%,6
https://cantonlock.com/es/products/hardware-accessories/ds013-door-stopper/,0,1,0%,6
https://cantonlock.com/es/products/knob-locks/587-pbps-light-duty-cylindrical-lock/,0,1,0%,6
https://cantonlock.com/es/products/knob-locks/?type=commercial-locks,0,1,0%,6
https://cantonlock.com/es/products/lock-cases/lc04-85-60mm-lock-case/,0,1,0%,6
https://cantonlock.com/es/products/stainless-steel-handles/600-concealed-sliding-door-handle/,0,1,0%,6
https://cantonlock.com/products/hardware-accessories/200-indicator/,0,1,0%,6
https://cantonlock.com/products/knob-locks/5807-ssr-commercial-lock/,0,1,0%,6
https://cantonlock.com/products/lock-cases/lc8525-lock-case/,0,1,0%,6
https://cantonlock.com/products/lock-cylinders/47bsik-lock-cylinder/,0,1,0%,6
https://cantonlock.com/products/night-latches-rim-locks/5681-night-latch-and-rim-lock/,0,1,0%,6
https://cantonlock.com/products/panic-exit-devices/302-panic-exit-device/,0,1,0%,6
https://cantonlock.com/products/panic-exit-devices/dsl02-panic-exit-device/,0,1,0%,6
https://cantonlock.com/products/stainless-steel-handles/600-concealed-sliding-door-handle/,0,1,0%,6
https://cantonlock.com/products/stainless-steel-handles/9082e-stainless-steel-handle/,0,1,0%,6
https://www.cantonlock.com/Index.php?m=home&c=Lists&a=index&tid=113&lang=en&page=2,0,1,0%,6
https://www.cantonlock.com/Index.php?m=home&c=View&a=index&aid=262,0,1,0%,6
https://www.cantonlock.com/Index.php?m=home&c=View&a=index&aid=402,0,1,0%,6
https://www.cantonlock.com/index.php?m=home&c=Lists&a=index&tid=16&lang=es,0,1,0%,6
https://www.cantonlock.com/index.php?m=home&c=View&a=index&aid=1571,0,1,0%,6
https://www.cantonlock.com/index.php?m=home&c=View&a=index&aid=617&lang=cn,0,1,0%,6
https://www.cantonlock.com/index.php?m=home&c=View&a=index&aid=934&lang=cn,0,1,0%,6
https://cantonlock.com/Index.php?m=home&c=Lists&a=index&tid=3&lang=cn&page=3,0,1,0%,7
https://cantonlock.com/collections/knob-locks-light-duty-cylindrical-locks/,0,1,0%,7
https://cantonlock.com/collections/panic-exit-devices-multi-point/,0,1,0%,7
https://cantonlock.com/es/products/grip-handle-sets/70780-ab-grip-handle-set/,0,1,0%,7
https://cantonlock.com/index.php?m=home&c=View&a=index&aid=984&lang=cn,0,1,0%,7
https://cantonlock.com/products/hardware-accessories/500-indicator/,0,1,0%,7
https://cantonlock.com/products/night-latches-rim-locks/5836-night-latch-and-rim-lock/,0,1,0%,7
https://www.cantonlock.com/Index.php?m=home&c=Lists&a=index&tid=141,0,1,0%,7
https://www.cantonlock.com/Index.php?m=home&c=View&a=index&aid=376,0,1,0%,7
https://www.cantonlock.com/Index.php?m=home&c=View&a=index&aid=410&lang=en,0,1,0%,7
https://www.cantonlock.com/index.php?m=home&c=Lists&a=index&tid=12&lang=es,0,1,0%,7
https://www.cantonlock.com/index.php?m=home&c=Lists&a=index&tid=131&page=2,0,1,0%,7
https://www.cantonlock.com/index.php?m=home&c=Lists&a=index&tid=133&page=3,0,1,0%,7
https://www.cantonlock.com/index.php?m=home&c=Lists&a=index&tid=19&lang=es,0,1,0%,7
https://www.cantonlock.com/products/bathroom-accessories/bh22-bathroom-accessories/,0,1,0%,7
https://cantonlock.com/es/collections/hardware-accessories-security-door-guards/,0,1,0%,8
https://cantonlock.com/es/contact/,0,1,0%,8
https://cantonlock.com/es/products/door-closers/ju-061-door-closer/,0,1,0%,8
https://cantonlock.com/es/products/knob-locks/578-acet-light-duty-cylindrical-lock/,0,1,0%,8
https://cantonlock.com/es/products/knob-locks/587-mbet-light-duty-cylindrical-lock/,0,1,0%,8
https://cantonlock.com/products/bathroom-accessories/bh19-bathroom-accessories/,0,1,0%,8
https://cantonlock.com/products/hardware-accessories/ds022-door-stopper/,0,1,0%,8
https://cantonlock.com/products/knob-locks/607-spet-tubular-lock/,0,1,0%,8
https://cantonlock.com/products/lock-cylinders/65sn-lock-cylinder/,0,1,0%,8
https://cantonlock.com/products/panic-exit-devices/305-fire-door-panic-exit-device,0,1,0%,8
https://cantonlock.com/products/panic-exit-devices/310-panic-exit-device/,0,1,0%,8
https://www.cantonlock.com/Index.php?m=home&c=Lists&a=index&tid=97&lang=en&page=4,0,1,0%,8
https://www.cantonlock.com/index.php?m=home&c=Lists&a=index&tid=24&lang=es,0,1,0%,8
https://www.cantonlock.com/index.php?m=home&c=Lists&a=index&tid=3&lang=cn&page=13,0,1,0%,8
https://www.cantonlock.com/index.php?m=home&c=View&a=index&aid=1082,0,1,0%,8
https://cantonlock.com/collections/glass-door-accessories-glass-door-handles/,0,1,0%,9
https://cantonlock.com/compare/lever-handles/,0,1,0%,9
https://cantonlock.com/es/collections/hardware-accessories-door-viewers/,0,1,0%,9
https://cantonlock.com/es/products/lock-cases/lc07-85-45mm-lock-case/,0,1,0%,9
https://cantonlock.com/es/products/lock-cases/lc14-85-50mm-lock-case/,0,1,0%,9
https://cantonlock.com/es/products/panic-exit-devices/033-panic-exit-device/,0,1,0%,9
https://cantonlock.com/es/products/panic-exit-devices/311-panic-exit-device/,0,1,0%,9
https://cantonlock.com/index.php?m=home&c=Lists&a=index&tid=110&lang=cn,0,1,0%,9
https://cantonlock.com/products/deadbolts/d101-ac-deadbolts/,0,1,0%,9
https://cantonlock.com/products/glass-door-accessories/f101-glass-door-patch-fittings/,0,1,0%,9
https://cantonlock.com/products/grip-handle-sets/70610-ab-grip-handle-set/,0,1,0%,9
https://cantonlock.com/products/hardware-accessories/dv08-sn-door-viewer/,0,1,0%,9
https://cantonlock.com/products/knob-locks/5807-f-heavy-duty-cylindrical-lock/,0,1,0%,9
https://cantonlock.com/products/knob-locks/609-pbet-tubular-lock/,0,1,0%,9
https://cantonlock.com/products/panic-exit-devices/035-panic-exit-device/,0,1,0%,9
https://cantonlock.com/products/stainless-steel-handles/9006s-stainless-steel-handle/,0,1,0%,9
https://cantonlock.com/products/stainless-steel-handles/nc181-stainless-steel-handle/,0,1,0%,9
https://www.cantonlock.com/Index.php?m=home&c=Lists&a=index&tid=75&page=8,0,1,0%,9
https://www.cantonlock.com/Index.php?m=home&c=View&a=index&aid=857&lang=cn,0,1,0%,9
https://www.cantonlock.com/index.php?m=home&c=Lists&a=index&tid=105&lang=en&page=3,0,1,0%,9
https://www.cantonlock.com/index.php?m=home&c=Lists&a=index&tid=147,0,1,0%,9
https://www.cantonlock.com/index.php?m=home&c=View&a=index&aid=941&lang=cn,0,1,0%,9
https://cantonlock.com/es/collections/hardware-accessories-house-numbers/,0,1,0%,10
https://cantonlock.com/es/products/hardware-accessories/l021-latch/,0,1,0%,10
https://cantonlock.com/es/products/knob-locks/cylindrical-knob-lock/,0,1,0%,10
https://cantonlock.com/index.php?m=home&c=View&a=index&aid=133&lang=cn,0,1,0%,10
https://cantonlock.com/index.php?m=home&c=View&a=index&aid=1527&lang=cn,0,1,0%,10
https://cantonlock.com/index.php?m=home&c=View&a=index&aid=976&lang=cn,0,1,0%,10
https://cantonlock.com/products/bathroom-accessories/bh16-bathroom-accessories/,0,1,0%,10
https://cantonlock.com/products/bathroom-accessories/bh41-bathroom-accessories/,0,1,0%,10
https://cantonlock.com/products/door-closers/ju-051-door-closer/,0,1,0%,10
https://cantonlock.com/products/knob-locks/587-pbps-light-duty-cylindrical-lock/,0,1,0%,10
https://cantonlock.com/products/lever-handles/lh853-snet-lever-handle/,0,1,0%,10
https://cantonlock.com/products/stainless-steel-handles/9016s-stainless-steel-handle/,0,1,0%,10
https://cantonlock.com/products/stainless-steel-handles/lh1056-ss-stainless-steel-handle/,0,1,0%,10
https://cantonlock.com/pt/products/grip-handle-sets/70720-sm-grip-handle-set/,0,1,0%,10
https://www.cantonlock.com/Index.php?m=home&c=View&a=index&aid=1594&lang=cn,0,1,0%,10
https://www.cantonlock.com/index.php?m=home&c=Lists&a=index&tid=43&lang=es,0,1,0%,10
https://www.cantonlock.com/index.php?m=home&c=View&a=index&aid=1523&lang=cn,0,1,0%,10
https://www.cantonlock.com/index.php?m=home&c=View&a=index&aid=218,0,1,0%,10
https://www.cantonlock.com/index.php?m=home&c=View&a=index&aid=406,0,1,0%,10
https://www.cantonlock.com/index.php?m=home&c=View&a=index&aid=877&lang=cn,0,1,0%,10
https://cantonlock.com/es/products/hardware-accessories/fb013-door-flush-bolt/,0,1,0%,11
https://cantonlock.com/es/products/panic-exit-devices/x2-panic-exit-device/,0,1,0%,11
https://www.cantonlock.com/Index.php?m=home&c=View&a=index&aid=1562,0,1,0%,11
https://www.cantonlock.com/Index.php?m=home&c=View&a=index&aid=403,0,1,0%,11
https://www.cantonlock.com/index.php?m=home&c=Lists&a=index&tid=103&lang=en&page=2,0,1,0%,11
https://www.cantonlock.com/index.php?m=home&c=View&a=index&aid=417,0,1,0%,11
https://cantonlock.com/index.php?m=home&c=View&a=index&aid=689&lang=cn,0,1,0%,12
https://www.cantonlock.com/Index.php?m=home&c=View&a=index&aid=343,0,1,0%,12
https://cantonlock.com/collections/knob-locks-tubular-locks/,0,1,0%,13
https://www.cantonlock.com/Index.php?m=home&c=View&a=index&aid=698&lang=cn,0,1,0%,14
https://cantonlock.com/compare/glass-door-accessories/,0,1,0%,15
https://cantonlock.com/products/panic-exit-devices/033-panic-exit-device/,0,1,0%,15
https://www.cantonlock.com/Index.php?m=home&c=View&a=index&aid=437,0,1,0%,16
https://cantonlock.com/es/projects/,0,1,0%,17
https://cantonlock.com/index.php?m=home&c=View&a=index&aid=991&lang=cn,0,1,0%,18
https://cantonlock.com/products/bathroom-accessories/bh52-bathroom-accessories/,0,1,0%,18
https://www.cantonlock.com/index.php?m=home&c=View&a=index&aid=703&lang=cn,0,1,0%,19
https://cantonlock.com/products/lever-handles/807-abet-lever-handle/,0,1,0%,20
https://www.cantonlock.com/index.php?m=home&c=View&a=index&aid=545&lang=en,0,1,0%,20
https://cantonlock.com/index.php?m=home&c=View&a=index&aid=1559&lang=cn,0,1,0%,21
https://www.cantonlock.com/index.php?m=home&c=View&a=index&aid=931&lang=cn,0,1,0%,21
https://cantonlock.com/Index.php?m=home&c=View&a=index&aid=1566&lang=cn,0,1,0%,22
https://cantonlock.com/Index.php?m=home&c=View&a=index&aid=1564&lang=cn,0,1,0%,23
https://cantonlock.com/index.php?m=home&c=View&a=index&aid=893&lang=cn,0,1,0%,24
https://cantonlock.com/Index.php?m=home&c=View&a=index&aid=710&lang=cn,0,1,0%,25
https://cantonlock.com/index.php?m=home&c=View&a=index&aid=968&lang=cn,0,1,0%,26
https://cantonlock.com/index.php?m=home&c=View&a=index&aid=1592&lang=cn,0,1,0%,28
https://cantonlock.com/products/stainless-steel-handles/9003e-stainless-steel-handle/,0,1,0%,28
https://cantonlock.com/Index.php?m=home&c=View&a=index&aid=1590&lang=cn,0,1,0%,29
https://cantonlock.com/Index.php?m=home&c=View&a=index&aid=930&lang=cn,0,1,0%,30
https://cantonlock.com/products/lock-cases/lc17-lock-case/,0,1,0%,30
https://cantonlock.com/Index.php?m=home&c=View&a=index&aid=1563&lang=cn,0,1,0%,31
https://cantonlock.com/products/knob-locks/5807-sscr-commercial-lock/,0,1,0%,31
https://cantonlock.com/index.php?m=home&c=View&a=index&aid=572&lang=cn,0,1,0%,32
https://cantonlock.com/index.php?m=home&c=View&a=index&aid=1577&lang=cn,0,1,0%,33
https://cantonlock.com/index.php?m=home&c=View&a=index&aid=685&lang=cn,0,1,0%,34
https://cantonlock.com/index.php?m=home&c=View&a=index&aid=612&lang=cn,0,1,0%,35
https://www.cantonlock.com/Index.php?m=home&c=Lists&a=index&tid=79&page=2,0,1,0%,36
https://cantonlock.com/index.php?m=home&c=View&a=index&aid=702&lang=cn,0,1,0%,37
https://cantonlock.com/es/products/lock-cases/hy-0ss-lock-case/,0,1,0%,38
https://cantonlock.com/index.php?m=home&c=View&a=index&aid=731&lang=cn,0,1,0%,39
https://cantonlock.com/index.php?m=home&c=Lists&a=index&tid=75&page=18,0,1,0%,40
https://cantonlock.com/products/bathroom-accessories/bh50-bathroom-accessories/,0,1,0%,43
https://cantonlock.com/products/brass-steel-hinges/stainless-steel-door-hinge/,0,1,0%,45
https://cantonlock.com/products/bathroom-accessories/bh14-bathroom-accessories/,0,1,0%,60
https://www.cantonlock.com/Index.php?m=home&c=View&a=index&aid=1061&lang=en,0,1,0%,61
https://cantonlock.com/products/bathroom-accessories/bh03-bathroom-accessories/,0,1,0%,75
https://www.cantonlock.com/index.php?m=home&c=View&a=index&aid=753&lang=cn,0,1,0%,79
https://cantonlock.com/products/hardware-accessories/dv07-door-viewer/,0,1,0%,83
https://www.cantonlock.com/Index.php?m=home&c=Lists&a=index&tid=75&page=22,0,1,0%,90
https://www.cantonlock.com/products/bathroom-accessories/bh12-bathroom-accessories/,0,1,0%,92
https://cantonlock.com/products/panic-exit-devices/ddh001-panic-exit-device/,0,1,0%,95
https://www.cantonlock.com/Index.php?m=home&c=Lists&a=index&tid=75&page=15,0,1,0%,97