Path,Host,Requests
/news/fitting-a-euro-cylinder/,cantonlock.com,54
/api/.env,auth.cantonlock.com,39
/.ssh/authorized_keys,auth.cantonlock.com,30
/pi.php,auth.cantonlock.com:8443,27
/conf/.env,auth.cantonlock.com,27
/api/designer/v1/file-content,cantonlock.com,27
/debug/pprof,auth.cantonlock.com:8443,27
/localhost.key,auth.cantonlock.com,27
/.env,auth.cantonlock.com:8443,27
/localhost.key,auth.cantonlock.com:8443,27
/values.yaml,auth.cantonlock.com,27
/.idea/WebServers.xml,auth.cantonlock.com:8443,24
/es/news/fitting-a-euro-cylinder/,cantonlock.com,22
/config/storage.yml,auth.cantonlock.com,21
/api/sysConfig/getAll,auth.cantonlock.com,21
/.bash_profile,cantonlock.com,20
/api/config,cantonlock.com,18
/guides/door-hardware-hs-codes-2026/,cantonlock.com,18
/proc/self/cmdline,cantonlock.com,18
/compare/lock-cases/,cantonlock.com,17
/guides/euro-cylinder-size-chart-2026/,cantonlock.com,16
/news/master-key-systems-how-many-levels-you-need/,cantonlock.com,16
/dist../.env,auth.cantonlock.com,16
/_image,cantonlock.com,14
/m7b5luhm94joyndqo2ns,cantonlock.com,14
/.env.staging,cantonlock.com,14
/api/inngest,cantonlock.com,13
/docker-compose.yml,auth.cantonlock.com,13
/old/.env,auth.cantonlock.com,12
/pkg/.env,auth.cantonlock.com,12
/.env.docker,auth.cantonlock.com,12
/packages/.env,cantonlock.com,10
/userfiles,auth.cantonlock.com,10
/.git/HEAD,cantonlock.com,10
/config.json,cantonlock.com,8
/@fs/proc/self/cwd/.env,cantonlock.com,8
/test.php,cantonlock.com,8
/debug/pprof,cantonlock.com,8
/api/account,cantonlock.com,8
/cmd/.env,cantonlock.com,8
/functionRouter,cantonlock.com,7
/env.old,auth.cantonlock.com,7
/static/.env,auth.cantonlock.com,6
/nginx_status,auth.cantonlock.com:8443,6
/userfiles/x,cantonlock.com,4
/events/,cantonlock.com,4
/api/templates/preview,cantonlock.com,4
/.env.production,cantonlock.com,3
/.env.backup,cantonlock.com,3
/index.php,auth.cantonlock.com,3
/.git/HEAD,auth.cantonlock.com:8443,3
/products/night-latches-rim-locks/,cantonlock.com,3
/,cantonlock.com,3
/api/.env/public/.env,cantonlock.com,2
/certifications/,cantonlock.com,2
/products/door-closers/ju-073-door-closer/,cantonlock.com,2
/collections/knob-locks-tubular-locks/,cantonlock.com,2
/es/news/mortise-lock-backset-and-centre-distance-guide/,cantonlock.com,2
/products/lock-cases/,cantonlock.com,2
/collections/hardware-accessories-indicators/,cantonlock.com,2
/api/.env,cantonlock.com,2
/products/sliding-hook-locks/,cantonlock.com,2
/products/hardware-accessories/,cantonlock.com,2
/collections/hardware-accessories-house-numbers/,cantonlock.com,2
/collections/hardware-accessories-door-flush-bolts/,cantonlock.com,2
/products/door-closers/ju-051-door-closer/,cantonlock.com,2
/collections/knob-locks-light-duty-cylindrical-locks/,cantonlock.com,2
/collections/panic-exit-devices-fire-door/,cantonlock.com,2
/guides/fire-door-hardware-what-must-be-rated-2026/,cantonlock.com,2
/collections/hardware-accessories-security-door-guards/,cantonlock.com,2
/request/price-list/,cantonlock.com,2
/products/lever-handles/,cantonlock.com,2
/collections/panic-exit-devices-exterior-trim/,cantonlock.com,2
/services/,cantonlock.com,2
/collections/panic-exit-devices-multi-point/,cantonlock.com,2
/collections/hardware-accessories-latches/,cantonlock.com,2
/collections/knob-locks-heavy-duty-cylindrical-locks/,cantonlock.com,2
/collections/panic-exit-devices-alarmed/,cantonlock.com,2
/products/glass-door-accessories/,cantonlock.com,2
/8mjnxvvmmxjeu94dqp9t,cantonlock.com,2
/contact/,cantonlock.com,2
/products/deadbolts/,cantonlock.com,2
/collections/knob-locks-commercial-locks/,cantonlock.com,2
/collections/panic-exit-devices-special-applications/,cantonlock.com,2
/products/door-closers/ju-061-door-closer/,cantonlock.com,2
/userfiles,cantonlock.com,2
/products/lock-cylinders/,cantonlock.com,2
/products/door-closers/ju-093-door-closer/,cantonlock.com,2
/products/stainless-steel-handles/,cantonlock.com,2
/@fs/proc/self/cmdline,cantonlock.com,2
/collections/hardware-accessories-power-transfer-devices/,cantonlock.com,2
/news/,cantonlock.com,2
/products/bathroom-accessories/,cantonlock.com,2
/collections/hardware-accessories-door-viewers/,cantonlock.com,2
/downloads/,cantonlock.com,2
/videos/products/026-panic-exit-device.mp4,cantonlock.com,2
/config.toml,auth.cantonlock.com,2
/products/knob-locks/,cantonlock.com,2
/collections/glass-door-accessories-glass-door-handles/,cantonlock.com,2
/products/door-closers/ju-088-door-closer/,cantonlock.com,2
/newsletter/,cantonlock.com,2
/products/door-closers/ju-072-door-closer/,cantonlock.com,2
/products/stainless-steel-handles/9004s-stainless-steel-handle/,cantonlock.com,1
/products/stainless-steel-handles/nc181-stainless-steel-handle/,cantonlock.com,1
/products/sliding-hook-locks/s02-cp-sliding-hook-lock/,cantonlock.com,1
/products/argentina-ar4/,cantonlock.com,1
/products/stainless-steel-handles/9003e-stainless-steel-handle/,cantonlock.com,1
/products/lever-handles/lh853-bnbk-lever-handle/,cantonlock.com,1
/products/lever-handles/lh853-ps-lever-handle/,cantonlock.com,1
/products/stainless-steel-handles/9014-stainless-steel-handle/,cantonlock.com,1
/products/knob-locks/592-pbbk-tubular-lock/,cantonlock.com,1
/videos/products/023-et-panic-exit-device.mp4,cantonlock.com,1
/products/panic-exit-devices/311-panic-exit-device/,cantonlock.com,1
/products/lever-handles/eh02-lever-handle/,cantonlock.com,1
/products/knob-locks/5807-f-heavy-duty-cylindrical-lock/,cantonlock.com,1
/products/brass-steel-hinges/ssh018-brass-and-steel-hinges/,cantonlock.com,1
/products/stainless-steel-handles/nc046-stainless-steel-handle/,cantonlock.com,1
/products/lock-cases/lc16-lock-case/,cantonlock.com,1
/products/lever-handles/853-snbk-lever-handle/,cantonlock.com,1
/service-account.json,cantonlock.com,1
/products/knob-locks/586-abet-light-duty-cylindrical-lock/,cantonlock.com,1
/products/hardware-accessories/l015-latch/,cantonlock.com,1
/products/lock-cases/hyde-ar4-101-mortise-lock/,cantonlock.com,1
/app,cantonlock.com,1
/uploads/allimg/20220926/2-22092616023N31.jpg,cantonlock.com,1
/products/stainless-steel-handles/9005s-stainless-steel-handle/,cantonlock.com,1
/products/lever-handles/836-lever-handle/,cantonlock.com,1
/collections/glass-door-accessories-glass-door-patch-fittings/,cantonlock.com,1
/products/lever-handles/8826-snet-lever-handle/,cantonlock.com,1
/products/brass-steel-hinges/ssh020-brass-and-steel-hinges/,cantonlock.com,1
/products/bathroom-accessories/stainless-steel-wall-hook/,cantonlock.com,1
/products/lock-cases/lc17-lock-case/,cantonlock.com,1
/products/deadbolts/d101-dspb-deadbolts/,cantonlock.com,1
/products/grip-handle-sets/70900-bk-grip-handle-set/,cantonlock.com,1
/products/lock-cases/hyde-ar4-110-mortise-lock/,cantonlock.com,1
/products/lock-cylinders/70pb-anti-theft-lock-cylinder/,cantonlock.com,1
/products/lever-handles/812-sset-lever-handle/,cantonlock.com,1
/products/panic-exit-devices/035-panic-exit-device/,cantonlock.com,1
/products/lock-cases/lc14-8550-four-bolt-mortise-lock-case/,cantonlock.com,1
/products/bathroom-accessories/bh29-bathroom-accessories/,cantonlock.com,1
/products/lock-cases/hyde-ar4-1121-hook-bolt-lock/,cantonlock.com,1
/products/knob-locks/607-bnet-tubular-lock/,cantonlock.com,1
/products/stainless-steel-handles/600-concealed-sliding-door-handle/,cantonlock.com,1
/products/knob-locks/587-pbet-light-duty-cylindrical-lock/,cantonlock.com,1
/products/stainless-steel-handles/nc053-stainless-steel-handle/,cantonlock.com,1
/products/night-latches-rim-locks/5683-night-latch-and-rim-lock/,cantonlock.com,1
/api,cantonlock.com,1
/products/door-closers/,cantonlock.com,1
/products/brass-steel-hinges/ssh012-brass-and-steel-hinges/,cantonlock.com,1
/products/brass-steel-hinges/ssh031-brass-and-steel-hinges/,cantonlock.com,1
/products/lever-handles/805pbet-lever-handle/,cantonlock.com,1
/products/knob-locks/587-mbet-light-duty-cylindrical-lock/,cantonlock.com,1
/products/stainless-steel-handles/9011e-stainless-steel-handle/,cantonlock.com,1
/products/panic-exit-devices/037-panic-exit-device/,cantonlock.com,1
/products/brass-steel-hinges/ssh023-brass-and-steel-hinges/,cantonlock.com,1
/products/brass-steel-hinges/6-3-3mm-brass-and-steel-hinges/,cantonlock.com,1
/products/panic-exit-devices/030-panic-exit-device/,cantonlock.com,1
/.env.local,cantonlock.com,1
/products/,cantonlock.com,1
/products/panic-exit-devices/9080e-panic-exit-device/,cantonlock.com,1
/products/brass-steel-hinges/ch01-brass-and-steel-hinges/,cantonlock.com,1
/products/brass-steel-hinges/bl027-brass-and-steel-hinges/,cantonlock.com,1
/.env,cantonlock.com,1
/products/knob-locks/tubular-knob-lock/,cantonlock.com,1
/guides/spindle-sizes-and-length-2026/,cantonlock.com,1
/products/brass-steel-hinges/stainless-steel-door-hinge/,cantonlock.com,1
/products/stainless-steel-handles/9007s-stainless-steel-handle/,cantonlock.com,1
/lib/terminal-xhr.php,cantonlock.com,1
/products/glass-door-accessories/100-glass-door-handle/,cantonlock.com,1
/pt/news/fitting-a-euro-cylinder/,cantonlock.com,1
/products/knob-locks/9217-bnac-heavy-duty-cylindrical-lock/,cantonlock.com,1
/products/grip-handle-sets/70710-sn-grip-handle-set/,cantonlock.com,1
/products/lock-cases/lc07-85-45mm-lock-case/,cantonlock.com,1
/products/brass-steel-hinges/bl031-brass-and-steel-hinges/,cantonlock.com,1
/products/lever-handles/lh853-bk-lever-handle/,cantonlock.com,1
/products/brass-steel-hinges/ssh019-brass-and-steel-hinges/,cantonlock.com,1
/products/glass-door-accessories/glass-door-patch-fitting-set/,cantonlock.com,1
/products/lever-handles/808-snet-lever-handle/,cantonlock.com,1
/products/grip-handle-sets/70610-sc-grip-handle-set/,cantonlock.com,1
/products/door-closers/wooden-door-floor-hinge/,cantonlock.com,1
/company/,cantonlock.com,1
/products/lever-handles/lh855-snet-lever-handle/,cantonlock.com,1
/products/knob-locks/607-pbbk-tubular-lock/,cantonlock.com,1
/products/bathroom-accessories/bh54-bathroom-accessories/,cantonlock.com,1
/credentials.json,cantonlock.com,1
/products/stainless-steel-handles/9020s-stainless-steel-handle/,cantonlock.com,1
/products/brass-steel-hinges/ss026-brass-and-steel-hinges/,cantonlock.com,1
/products/stainless-steel-handles/9008s-stainless-steel-handle/,cantonlock.com,1
/products/brass-steel-hinges/ih01-brass-and-steel-hinges/,cantonlock.com,1
/products/grip-handle-sets/70610-ab-grip-handle-set/,cantonlock.com,1
/products/knob-locks/607-fet-tubular-lock/,cantonlock.com,1
/products/stainless-steel-handles/9007-stainless-steel-handle/,cantonlock.com,1
/projects/hospitality-residential-door-package/,cantonlock.com,1
/products/brass-steel-hinges/b024-brass-and-steel-hinges/,cantonlock.com,1
/products/lock-cases/lc14-85-50mm-lock-case/,cantonlock.com,1
/products/glass-door-accessories/100-30mm-glass-door-handle/,cantonlock.com,1
/products/hardware-accessories/400-indicator/,cantonlock.com,1
/products/lock-cylinders/45bn-lock-cylinder/,cantonlock.com,1
/products/bathroom-accessories/bh52-bathroom-accessories/,cantonlock.com,1
/products/knob-locks/575-cpet-tubular-lock/,cantonlock.com,1
/uploads/allimg/20220926/2-2209261GU5351.jpg,cantonlock.com,1
/products/bathroom-accessories/bh22-bathroom-accessories/,cantonlock.com,1
/products/hardware-accessories/f002-security-door-guard/,cantonlock.com,1
/products/bathroom-accessories/bh50-bathroom-accessories/,cantonlock.com,1
/products/lock-cases/lc8530ps-lock-case/,cantonlock.com,1
/.env.example,cantonlock.com,1
/products/brass-steel-hinges/ssh013-brass-and-steel-hinges/,cantonlock.com,1
/products/stainless-steel-handles/nc013-stainless-steel-handle/,cantonlock.com,1
/products/lever-handles/8827-sset-lever-handle/,cantonlock.com,1
/products/grip-handle-sets/ansi-grade-3-keyed-deadbolt-lock-set/,cantonlock.com,1
/products/bathroom-accessories/bh32-bathroom-accessories/,cantonlock.com,1
/products/night-latches-rim-locks/g559-night-latch-and-rim-lock/,cantonlock.com,1
/products/lock-cases/lc06-85-50mm-ps-lock-case/,cantonlock.com,1
/products/stainless-steel-handles/9012e-stainless-steel-handle/,cantonlock.com,1
/products/lock-cylinders/single-oval-cylinder-lock-cylinder/,cantonlock.com,1
/products/grip-handle-sets/70722-dc-grip-handle-set/,cantonlock.com,1
/products/stainless-steel-handles/lh1016-stainless-steel-handle/,cantonlock.com,1
/videos/products/033-panic-exit-device.mp4,cantonlock.com,1
/products/brass-steel-hinges/bl030-brass-and-steel-hinges/,cantonlock.com,1
/es/guides/backset-door-thickness-chart-2026/,cantonlock.com,1
/products/glass-door-accessories/f110-glass-door-patch-fittings/,cantonlock.com,1
/es/,cantonlock.com,1
/uploads/allimg/20250509/2-2505091J911936.jpg,cantonlock.com,1
/api/templates/preview,auth.cantonlock.com,1
/products/knob-locks/5870-abet-heavy-duty-cylindrical-lock/,cantonlock.com,1
/products/stainless-steel-handles/hd02-stainless-steel-handle/,cantonlock.com,1
/products/lock-cases/hy-0ss-lock-case/,cantonlock.com,1
/products/lever-handles/s802-snet-lever-handle/,cantonlock.com,1
/products/lock-cylinders/56-sn-lock-cylinder/,cantonlock.com,1
/products/lever-handles/6491abet-lever-handle/,cantonlock.com,1
/products/hardware-accessories/fb001-ac-door-flush-bolt/,cantonlock.com,1
/products/lever-handles/6491-sset-lever-handle/,cantonlock.com,1
/products/stainless-steel-handles/9014s-stainless-steel-handle/,cantonlock.com,1
/products/lock-cases/lc21-85-50mm-lock-case/,cantonlock.com,1
/products/hardware-accessories/dv05-door-viewer/,cantonlock.com,1
/configurator/,cantonlock.com,1
/products/bathroom-accessories/bh24-bathroom-accessories/,cantonlock.com,1
/products/lever-handles/lh852-bnbk-lever-handle/,cantonlock.com,1
/products/panic-exit-devices/317-cold-room-push-bar-exit-device/,cantonlock.com,1
/products/night-latches-rim-locks/5833-night-latch-and-rim-lock/,cantonlock.com,1
/products/lever-handles/8826-snbk-lever-handle/,cantonlock.com,1
/products/night-latches-rim-locks/556-night-latch-and-rim-lock/,cantonlock.com,1
/products/stainless-steel-handles/lh1056-ss-stainless-steel-handle/,cantonlock.com,1
/secrets.json,cantonlock.com,1
/products/knob-locks/5733-sset-heavy-duty-cylindrical-lock/,cantonlock.com,1
/products/stainless-steel-handles/9001-stainless-steel-handle/,cantonlock.com,1
/products/hardware-accessories/l021-latch/,cantonlock.com,1
/faq/,cantonlock.com,1
/products/lever-handles/lh853-snet-lever-handle/,cantonlock.com,1
/compare/door-closers/,cantonlock.com,1
/products/bathroom-accessories/bh09-bathroom-accessories/,cantonlock.com,1
/products/lock-cases/hy006et-lock-case/,cantonlock.com,1
/products/hardware-accessories/ds011-door-flush-bolt/,cantonlock.com,1
/admin/.env,cantonlock.com,1
/products/deadbolts/d101-ss-deadbolts/,cantonlock.com,1
/uploads/allimg/20220921/2-2209211FT4192.jpg,cantonlock.com,1
/products/lock-cases/lc5845-lock-case/,cantonlock.com,1
/pt/guides/euro-cylinder-size-chart-2026/,cantonlock.com,1
/products/knob-locks/587-pbps-light-duty-cylindrical-lock/,cantonlock.com,1
/products/lever-handles/lh852-sset-lever-handle/,cantonlock.com,1
/products/panic-exit-devices/313-panic-exit-device/,cantonlock.com,1
/products/panic-exit-devices/309-d-double-door-panic-exit-device/,cantonlock.com,1
/guides/door-closer-power-size-2026/,cantonlock.com,1
/collections/hardware-accessories-door-stoppers/,cantonlock.com,1
/products/brass-steel-hinges/ssh015-brass-and-steel-hinges/,cantonlock.com,1
/products/glass-door-accessories/f123-glass-door-patch-fittings/,cantonlock.com,1
/products/panic-exit-devices/305-fire-door-panic-exit-device/,cantonlock.com,1
/products/door-closers/ju-071-door-closer/,cantonlock.com,1
/products/door-closers/ju-088a-door-closer/,cantonlock.com,1
/products/night-latches-rim-locks/night-latch-rim-lock/,cantonlock.com,1
/products/grip-handle-sets/70710-pb-grip-handle-set/,cantonlock.com,1
/products/lever-handles/809-pbet-lever-handle/,cantonlock.com,1
/products/brass-steel-hinges/brass-piano-hinge-brass-and-steel-hinges/,cantonlock.com,1
/products/hardware-accessories/fb001-ss-door-flush-bolt/,cantonlock.com,1
/products/bathroom-accessories/bh42-bathroom-accessories/,cantonlock.com,1
/products/hardware-accessories/fb014-door-flush-bolt/,cantonlock.com,1
/products/panic-exit-devices/301-s-s-panic-exit-device/,cantonlock.com,1
/products/deadbolts/d101-ab-deadbolts/,cantonlock.com,1
/products/stainless-steel-handles/9005e-stainless-steel-handle/,cantonlock.com,1
/guides/door-preparation-161-and-86-2026/,cantonlock.com,1
/products/panic-exit-devices/023-etan-anti-pick-panic-exit-device/,cantonlock.com,1
/products/deadbolts/d101-ac-deadbolts/,cantonlock.com,1
/products/grip-handle-sets/70900-et-grip-handle-set/,cantonlock.com,1
/guides/hinge-grades-and-count-2026/,cantonlock.com,1
/firebase-admin.json,cantonlock.com,1
/products/lever-handles/8828-sset-lever-handle/,cantonlock.com,1
/mcp,cantonlock.com,1
/products/bathroom-accessories/bh38-bathroom-accessories/,cantonlock.com,1
/products/glass-door-accessories/107-glass-door-handle/,cantonlock.com,1
/products/knob-locks/5807-ssr-commercial-lock/,cantonlock.com,1
/guides/strike-plates-and-keeps-2026/,cantonlock.com,1
/products/knob-locks/5871-sset-heavy-duty-cylindrical-lock/,cantonlock.com,1
/products/lever-handles/804-pbet-lever-handle/,cantonlock.com,1
/products/brass-steel-hinges/ssh017-brass-and-steel-hinges/,cantonlock.com,1
/products/panic-exit-devices/320-two-point-locking-exit-device/,cantonlock.com,1
/products/bathroom-accessories/bh36-bathroom-accessories/,cantonlock.com,1
/products/knob-locks/587-wlet-light-duty-cylindrical-lock/,cantonlock.com,1
/products/knob-locks/5874-bnac-heavy-duty-cylindrical-lock/,cantonlock.com,1
/products/glass-door-accessories/f112-glass-door-patch-fittings/,cantonlock.com,1
/products/panic-exit-devices/027-panic-exit-device/,cantonlock.com,1
/products/lock-cases/lc22-85-45mm-lock-case/,cantonlock.com,1
/products/brass-steel-hinges/ssh016-brass-and-steel-hinges/,cantonlock.com,1
/products/panic-exit-devices/039-panic-exit-device/,cantonlock.com,1
/products/grip-handle-sets/,cantonlock.com,1
/products/glass-door-accessories/f114-glass-door-patch-fittings/,cantonlock.com,1
/products/lever-handles/816-snet-lever-handle/,cantonlock.com,1
/products/night-latches-rim-locks/5682-night-latch-and-rim-lock/,cantonlock.com,1
/projects/,cantonlock.com,1
/products/panic-exit-devices/,cantonlock.com,1
/products/bathroom-accessories/bh08-bathroom-accessories/,cantonlock.com,1
/uploads/allimg/20240524/2-240524164622360.jpg,cantonlock.com,1
/products/hardware-accessories/stainless-steel-flush-bolt/,cantonlock.com,1
/products/brass-steel-hinges/bl028-brass-and-steel-hinges/,cantonlock.com,1
/products/hardware-accessories/f006-security-door-guard/,cantonlock.com,1
/products/hardware-accessories/f004-security-door-guard/,cantonlock.com,1
/products/panic-exit-devices/307-panic-exit-device/,cantonlock.com,1
/firebase-credentials.json,cantonlock.com,1
/products/knob-locks/5807-sscl-commercial-lock/,cantonlock.com,1
/products/brass-steel-hinges/ssh022-brass-and-steel-hinges/,cantonlock.com,1
/products/brass-steel-hinges/f100-ss-door-hinge/,cantonlock.com,1
/products/brass-steel-hinges/b025-brass-and-steel-hinges/,cantonlock.com,1
/products/bathroom-accessories/bh01-bathroom-accessories/,cantonlock.com,1
/products/panic-exit-devices/dsl02-panic-exit-device/,cantonlock.com,1
/products/stainless-steel-handles/9021-stainless-steel-handle/,cantonlock.com,1
/products/brass-steel-hinges/ssh011-brass-and-steel-hinges/,cantonlock.com,1
/products/lock-cases/ai8530-lock-case/,cantonlock.com,1
/products/night-latches-rim-locks/1073s-night-latch-and-rim-lock/,cantonlock.com,1
/products/stainless-steel-handles/9002e-stainless-steel-handle/,cantonlock.com,1
/config/.env,cantonlock.com,1
/products/bathroom-accessories/bh31-bathroom-accessories/,cantonlock.com,1
/products/knob-locks/5874-acet-heavy-duty-cylindrical-lock/,cantonlock.com,1
/es/guides/chrome-finish-differences-2026/,cantonlock.com,1
/products/panic-exit-devices/001-panic-exit-device/,cantonlock.com,1
/products/lock-cases/hyde-ar4-140-mortise-lock/,cantonlock.com,1
/uploads/allimg/20220926/2-2209261214402P.jpg,cantonlock.com,1
/products/grip-handle-sets/70780-ab-grip-handle-set/,cantonlock.com,1
/products/lock-cases/lc7065-lock-case/,cantonlock.com,1
/uploads/allimg/20221019/2-221019155623Q0.jpg,cantonlock.com,1
/products/knob-locks/9211-bnac-heavy-duty-cylindrical-lock/,cantonlock.com,1
/products/glass-door-accessories/f132-glass-door-patch-fittings/,cantonlock.com,1
/products/hardware-accessories/ept01-door-power-transfer-devices/,cantonlock.com,1
/products/knob-locks/607-pbps-tubular-lock/,cantonlock.com,1
/server/.env,cantonlock.com,1
/products/lock-cases/hy008-lock-case/,cantonlock.com,1
/products/lock-cases/lc02-85-40mm-lock-case/,cantonlock.com,1
/products/grip-handle-sets/70720-sm-grip-handle-set/,cantonlock.com,1
/products/brass-steel-hinges/ss027-brass-and-steel-hinges/,cantonlock.com,1
/products/hardware-accessories/ds01-door-stopper/,cantonlock.com,1
/products/stainless-steel-handles/9082e-stainless-steel-handle/,cantonlock.com,1
/products/stainless-steel-handles/hd03-stainless-steel-handle/,cantonlock.com,1
/products/lock-cylinders/70anti-theft-lock-cylinder/,cantonlock.com,1
/config.yml,cantonlock.com,1
/products/stainless-steel-handles/ncd-stainless-steel-handle/,cantonlock.com,1
/guides/finish-code-reference-2026/,cantonlock.com,1
/products/stainless-steel-handles/9008e-stainless-steel-handle/,cantonlock.com,1
/products/knob-locks/609-pbet-tubular-lock/,cantonlock.com,1
/products/glass-door-accessories/19-130mm-glass-door-handle/,cantonlock.com,1
/products/lock-cases/lc8525-lock-case/,cantonlock.com,1