"Page","Citations"
"https://cantonlock.com/news/push-bar-or-touch-bar-panic-exit-devices/","34"
"https://cantonlock.com/es/news/handing-left-right-and-universal/","17"
"https://cantonlock.com/news/door-coordinator-double-fire-door/","9"
"https://cantonlock.com/news/reading-door-hardware-model-numbers/","9"
"https://cantonlock.com/news/master-key-systems-how-many-levels-you-need/","6"
"https://cantonlock.com/news/finish-codes-us26d-626-630/","6"
"https://cantonlock.com/news/fitting-a-euro-cylinder/","6"
"https://cantonlock.com/news/handing-left-right-and-universal/","6"
"https://cantonlock.com/contact/","6"
"https://cantonlock.com/news/mortise-lock-backset-and-centre-distance-guide/","5"
"https://cantonlock.com/es/news/reading-door-hardware-model-numbers/","5"
"https://www.cantonlock.com/products/lock-cases/hyde-ar4-110-mortise-lock/","3"
"https://cantonlock.com/products/panic-exit-devices/","3"
"https://cantonlock.com/products/lock-cylinders/70sn-lock-cylinder/","3"
"https://www.cantonlock.com/products/lock-cases/hyde-ar4-101-mortise-lock/","3"
"https://www.cantonlock.com/index.php?m=home&c=View&a=index&aid=1602&lang=en","3"
"https://cantonlock.com/es/news/push-bar-or-touch-bar-panic-exit-devices/","2"
"https://www.cantonlock.com/Index.php?m=home&c=Lists&a=index&tid=91","1"
"https://www.cantonlock.com/","1"
"https://cantonlock.com/es/news/what-oem-actually-changes/","1"
"https://cantonlock.com/es/news/deadbolt-d101-d102-and-the-rim-alternative/","1"
"https://cantonlock.com/es/news/door-coordinator-double-fire-door/","1"
"https://cantonlock.com/news/en-1125-or-ansi-which-standard-your-project-needs/","1"
"https://cantonlock.com/news/euro-cylinder-length-and-split/","1"
"https://cantonlock.com/products/","1"
"https://cantonlock.com/company/","1"
