base,stahlock_models,cantonlock_models
301,301-B,301-S
308,308,308-D; 308-S
3431,3431 SSET,3431 SNET
45,45 BNIK; 45 SNIK,45BN
54,54 SNDK,54 DK
587,587 MBBK; 587 SSPT,587 ABET; 587 FET; 587 WLET
592,592 BSET,592 ABET
598,598 SNBK; 598 SNET,598
609,609 SSET,609 PBET
6491,6491 SNET,6491 SSET
65,65 SNKT,65SN
70,70 ABKT CP; 70 ACKT BK; 70 BSDK; 70 BSKT; 70 MBDK CP; 70 SNDK; 70 SNDK CP; 70 SNKT; 70 SNKT BK; 70 SNKT CP; 70PBDK CP-ANTI-THEFT; 70SNDK CP-ANTI-THEFT; 70SNKT CP-ANTI-THEFT,70ANTI-THEFT; 70BK; 70MB; 70PB ANTI-THEFT; 70SN
70900,70900 MBBK; 70900 MBET,70900 BK; 70900 ET
80,80 BSDK; 80 BSKT; 80 PBKT; 80 SNDK CP; 80 SNKT,80SN
836,836 SNET,836
9007,9007E,9007
FB001,FB001,FB001 AC; FB001 SS
FB005,FB005 AC,FB005
LH852,LH852 BNET,LH852 SSET
LH853,LH853 SNBK; LH853 SNPS,LH853 BK; LH853 BNBK; LH853 PS
LH854,LH854 SNET,LH854
LH855,LH855 BNBK,LH855
