"Grounding Query","Intent","Topic","Citations","Citation Share"
"us26d hardware finish","","","15","23.08%"
"keying schedule","","","12","15.38%"
"fire rated door knobs","","","10","31.25%"
"hsn code for hardware items","","","9","13.04%"
"satin chrome vs satin nickel","","","6","40.00%"
"institutional grade hardware durability test","","","4","14.81%"
"master keying hierarchy university 5000 openings","","","4","21.05%"
"cerraduras para puerta partida arancelaria","","","4","26.67%"
"mechanical advantages box-style exit device vs touch-bar","","","3","37.50%"
