"Project name","hyde"
"Date range","09/24/2026 00:00 - 09/30/2026 23:59"


"Query","Citations","SoA"
"pb opaco que significa la abreviatura en planos arquitectónicos","23","27.71%"
"is ss en 179 and bs en 1125 actual emergency egress codes in singapore","15","35.71%"
"a que se refiere si un certificado de material tiene un resultado que dice: %uni elong","14","28.00%"
"us26d hardware finish","12","23.08%"
"end return door","10","38.46%"
"hsn code for hardware items","9","13.04%"
"hs code for mortise door lock","8","11.59%"
"cerraduras para puerta partida arancelaria","8","26.67%"
"difference bs en 1125 bs en 179 devices","7","33.33%"
"mistos cromo pulido este y plata es casi ño mismo se parecen","7","17.95%"
"master keying hierarchy university 5000 openings","6","21.43%"
"incoming sample","6","30.00%"
"what are the two common sizes for door latch strikes on doors","6","50.00%"
"110mm euro cylinders 40mm split","6","14.29%"
"tamanho padrão de fechadura para portão","6","75.00%"
"keying schedule","6","25.00%"
"what is the difference between mortise lock and strike center line","6","33.33%"
"what is the standard hole drilled into a door for a cylindrical lock","6","23.08%"
"86 edge frame preparation","5","19.23%"
"fire rated door knobs","5","31.25%"
"box-style exit device vs touch-bar exit device mechanical advantages","5","50.00%"
"finish 626 for hardware","4","26.67%"
"順位調整器が必要な扉は？","4","12.12%"
"el hb631 y el b631 son los mismos?","4","44.44%"
"hoe huat hardware screw supply certificate","4","21.05%"
"do satin anodized and satin chrome look the same?","4","33.33%"
"qual a mola aerea para porta abaixo de 20kg","4","9.76%"
"diff entre cylinde 35x45 30x40","4","30.77%"
"corrosion resistance unit","4","25.00%"
"profilzylinder maße tabelle","3","15.79%"
"what is industry thickness for an interior door strike plate","3","23.08%"
"what does bps stand for door finish","3","50.00%"
"size als cilindros","3","33.33%"
"length under cylinder head mortise cylinder for 1 3/4" door","3","27.27%"
"two bore door prep","3","23.08%"
"en 1670","3","33.33%"
"designing a master key system hierarchy levels keying plan","3","33.33%"
"are all strike plates the same size","3","23.08%"
"standard door plate sizes","3","50.00%"
"what is a flat lip strike","3","12.50%"
"what is the difference between mortise lock and frame strike center line","3","50.00%"
"what kind of lock function is used on a conference room","3","16.67%"
"86 prep on door is mortise?","3","33.33%"
"what is thumbturn lock? what type of bore prep is required for thumbturn?","3","15.00%"
"commercial lever retun code","3","33.33%"
"gig to prepare a 161 gov prep on a hm door","3","27.27%"
"lock mortise prep number?","3","27.27%"
"a cross cut bored","3","33.33%"
"what determines the backset for a lock with 50 mm or 60mm","3","23.08%"
"what is 161 hardware code for wood doors?","3","33.33%"
"161 strike prep","3","23.08%"
"standard bore prep too small for new lockset","3","33.33%"
"what is a standard commercial strike dimensions","3","27.27%"
